0,0.0117647058823529,DFS:,1000.9641351699828,1087,Status.UNKNOWN,-0.0709730386734008,Balance,575.0029096540454,1123,Status.UNKNOWN,-0.0709730386734008,
1,0.0156862745098039,DFS:,1001.6810972690582,1569,Status.UNKNOWN,-0.338097482919693,Balance,954.3234306625895,1555,Status.UNKNOWN,-0.338097482919693,
2,0.0196078431372549,DFS:,60.53464698791504,75,Status.VERIFIED,-0.3954948186874389,Balance,58.75211552344303,75,Status.VERIFIED,-0.3954948186874389,
2,0.0235294117647058,DFS:,1001.9836549758912,909,Status.UNKNOWN,-1.299748182296753,Balance,696.8379541867669,907,Status.UNKNOWN,-1.299748182296753,
2,0.0274509803921568,DFS:,1002.9901723861694,825,Status.UNKNOWN,-2.4382033348083496,Balance,823.086938187736,819,Status.UNKNOWN,-2.4382033348083496,
3,0.0078431372549019,DFS:,16.308815717697144,27,Status.VERIFIED,-0.0489258840680122,Balance,15.519806653876143,27,Status.VERIFIED,-0.0489258840680122,
4,0.0156862745098039,DFS:,5.321263790130615,7,Status.VERIFIED,-0.0676704198122024,Balance,5.225246892538146,7,Status.VERIFIED,-0.0676704198122024,
4,0.0196078431372549,DFS:,1002.0659980773926,1309,Status.UNKNOWN,-0.7213180661201477,Balance,631.9755407353932,929,Status.UNKNOWN,-0.7213180661201477,
4,0.0235294117647058,DFS:,1002.9052758216858,529,Status.UNKNOWN,-1.5061193704605105,Balance,964.882807844084,529,Status.UNKNOWN,-1.5061193704605105,
4,0.0274509803921568,DFS:,1001.9072675704956,393,Status.UNKNOWN,-2.3322253227233887,Balance,708.5227726043279,383,Status.UNKNOWN,-2.3322253227233887,
5,0.0156862745098039,DFS:,19.142767906188965,27,Status.VERIFIED,-0.0377282872796058,Balance,18.794897474323488,27,Status.VERIFIED,-0.0377282872796058,
5,0.0196078431372549,DFS:,1001.7963118553162,967,Status.UNKNOWN,-0.4777791798114776,Balance,717.803392729511,973,Status.UNKNOWN,-0.4777791798114776,
6,0.0156862745098039,DFS:,5.705238342285156,7,Status.VERIFIED,-0.0505773201584816,Balance,5.609478158845033,7,Status.VERIFIED,-0.0505773201584816,
6,0.0196078431372549,DFS:,1000.9119753837584,1089,Status.UNKNOWN,-0.7085234522819519,Balance,952.094669905428,1089,Status.UNKNOWN,-0.7085234522819519,
9,0.0196078431372549,DFS:,2.902616739273072,3,Status.VERIFIED,0.0227717645466327,Balance,2.814851626439995,3,Status.VERIFIED,0.0227717645466327,
9,0.0235294117647058,DFS:,1002.488074541092,1035,Status.UNKNOWN,-0.4211366772651672,Balance,877.016386202602,821,Status.UNKNOWN,-0.4211366772651672,
9,0.0274509803921568,DFS:,1002.269645690918,807,Status.UNKNOWN,-1.142561674118042,Balance,959.6839972323766,807,Status.UNKNOWN,-1.142561674118042,
9,0.0313725490196078,DFS:,1001.2036066055298,411,Status.UNKNOWN,-2.432699918746948,Balance,848.9071194853583,413,Status.UNKNOWN,-2.432699918746948,
10,0.0156862745098039,DFS:,1003.514039993286,729,Status.UNKNOWN,-0.5400390028953552,Balance,662.921492469057,725,Status.UNKNOWN,-0.5400390028953552,
11,0.0196078431372549,DFS:,3.853127002716065,5,Status.VERIFIED,-0.0932665988802909,Balance,3.8133260272270446,5,Status.VERIFIED,-0.0932665988802909,
11,0.0235294117647058,DFS:,1001.4165127277374,1393,Status.UNKNOWN,-0.4619868993759155,Balance,514.1191809580953,1407,Status.UNKNOWN,-0.4619868993759155,
11,0.0274509803921568,DFS:,1000.7761540412904,1009,Status.UNKNOWN,-0.9616386890411376,Balance,858.5478165863016,979,Status.UNKNOWN,-0.9616386890411376,
13,0.0274509803921568,DFS:,5.3704609870910645,7,Status.VERIFIED,-0.1413058489561081,Balance,5.102332997240366,7,Status.VERIFIED,-0.1413058489561081,
13,0.0313725490196078,DFS:,215.2889242172241,219,Status.VERIFIED,-1.1055994033813477,Balance,208.7628079480241,219,Status.VERIFIED,-1.1055994033813477,
13,0.0352941176470588,DFS:,1002.6087431907654,799,Status.UNKNOWN,-2.130016326904297,Balance,552.6582176869173,795,Status.UNKNOWN,-2.130016326904297,
13,0.0392156862745098,DFS:,1003.0168514251708,509,Status.UNKNOWN,-3.2916452884674072,Balance,922.8603595345944,507,Status.UNKNOWN,-3.2916452884674072,
13,0.0431372549019607,DFS:,1002.0707581043245,353,Status.UNKNOWN,-4.541351318359375,Balance,744.8883294209606,359,Status.UNKNOWN,-4.541351318359375,
13,0.0470588235294117,DFS:,26.94764924049377,8,Status.ADV_EXAMPLE,-5.949375152587891,Balance,19.91316321412268,24,Status.ADV_EXAMPLE,-5.949375152587891,
14,0.0235294117647058,DFS:,7.098629951477051,9,Status.VERIFIED,-0.2242292910814285,Balance,7.010586632114881,9,Status.VERIFIED,-0.2242292910814285,
14,0.0274509803921568,DFS:,343.3627862930298,455,Status.VERIFIED,-0.7132694721221924,Balance,337.12339755926536,455,Status.VERIFIED,-0.7132694721221924,
14,0.0313725490196078,DFS:,1001.713250875473,681,Status.UNKNOWN,-1.2543799877166748,Balance,936.9668593628346,675,Status.UNKNOWN,-1.2543799877166748,
14,0.0352941176470588,DFS:,1002.1753149032592,389,Status.UNKNOWN,-2.3671231269836426,Balance,706.3916905226201,377,Status.UNKNOWN,-2.3671231269836426,
14,0.0392156862745098,DFS:,1001.2421491146088,247,Status.UNKNOWN,-3.6269259452819824,Balance,982.2414503469128,247,Status.UNKNOWN,-3.6269259452819824,
14,0.0431372549019607,DFS:,44.25361132621765,10,Status.ADV_EXAMPLE,-5.713275909423828,Balance,42.00372205715399,34,Status.ADV_EXAMPLE,-5.713275909423828,
16,0.0313725490196078,DFS:,318.5671217441559,313,Status.VERIFIED,-0.0763662457466125,Balance,276.69311185791594,299,Status.UNKNOWN,-0.0763662457466125,
16,0.0352941176470588,DFS:,1001.0206561088562,709,Status.UNKNOWN,-0.9010531306266784,Balance,763.1530232319959,699,Status.UNKNOWN,-0.9010531306266784,
16,0.0392156862745098,DFS:,1001.0506548881532,365,Status.UNKNOWN,-2.3812530040740967,Balance,972.5741566291148,365,Status.UNKNOWN,-2.3812530040740967,
16,0.0431372549019607,DFS:,1006.0705485343932,279,Status.UNKNOWN,-3.990830659866333,Balance,993.0980798629918,265,Status.UNKNOWN,-3.990830659866333,
16,0.0470588235294117,DFS:,1007.9237654209136,251,Status.UNKNOWN,-5.770634651184082,Balance,517.8158307992069,241,Status.UNKNOWN,-5.770634651184082,
16,0.0509803921568627,DFS:,1003.1392774581908,229,Status.UNKNOWN,-7.699294090270996,Balance,898.5186873937995,219,Status.UNKNOWN,-7.699294090270996,
16,0.0549019607843137,DFS:,1007.6117260456084,211,Status.UNKNOWN,-9.695552825927734,Balance,694.5970894158175,205,Status.UNKNOWN,-9.695552825927734,
16,0.0588235294117647,DFS:,1010.4821910858154,183,Status.UNKNOWN,-11.751818656921388,Balance,834.6155387180808,175,Status.UNKNOWN,-11.751818656921388,
16,0.0627450980392156,DFS:,1011.2478263378144,163,Status.UNKNOWN,-13.972827911376951,Balance,998.7095881168513,155,Status.UNKNOWN,-13.972827911376951,
18,0.0274509803921568,DFS:,1002.0500502586364,881,Status.UNKNOWN,-0.655846118927002,Balance,990.6021266052604,881,Status.UNKNOWN,-0.655846118927002,
18,0.0313725490196078,DFS:,1001.3090028762816,793,Status.UNKNOWN,-1.504948377609253,Balance,700.1490055220919,795,Status.UNKNOWN,-1.504948377609253,
18,0.0352941176470588,DFS:,1001.9509687423706,741,Status.UNKNOWN,-2.5159454345703125,Balance,767.358472141105,735,Status.UNKNOWN,-2.5159454345703125,
18,0.0392156862745098,DFS:,1001.6301655769348,477,Status.UNKNOWN,-3.630765199661255,Balance,595.1005165206856,475,Status.UNKNOWN,-3.630765199661255,
19,0.0117647058823529,DFS:,1001.980801820755,1531,Status.UNKNOWN,-0.1541250944137573,Balance,592.0829287762847,1201,Status.UNKNOWN,-0.1541250944137573,
20,0.0156862745098039,DFS:,1001.1199805736542,1239,Status.UNKNOWN,-0.3964800536632538,Balance,552.1869115286846,1237,Status.UNKNOWN,-0.3964800536632538,
21,0.0274509803921568,DFS:,5.236682415008545,7,Status.VERIFIED,-0.0444351844489574,Balance,5.071479126433759,7,Status.VERIFIED,-0.0444351844489574,
21,0.0313725490196078,DFS:,1000.7618443965912,1395,Status.UNKNOWN,-0.406702846288681,Balance,643.4205271423936,1243,Status.UNKNOWN,-0.406702846288681,
21,0.0352941176470588,DFS:,1001.653680562973,1493,Status.UNKNOWN,-0.7791675329208374,Balance,840.3116550064442,1459,Status.UNKNOWN,-0.7791675329208374,
21,0.0392156862745098,DFS:,1001.1204826831818,1459,Status.UNKNOWN,-1.1570953130722046,Balance,879.0422804331309,1429,Status.UNKNOWN,-1.1570953130722046,
21,0.0431372549019607,DFS:,1002.25035238266,1307,Status.UNKNOWN,-1.5657328367233276,Balance,570.8310609308174,1355,Status.UNKNOWN,-1.5657328367233276,
21,0.0470588235294117,DFS:,1000.9027976989746,827,Status.UNKNOWN,-2.012591361999512,Balance,763.567560529775,819,Status.UNKNOWN,-2.012591361999512,
21,0.0509803921568627,DFS:,1002.9988436698914,451,Status.UNKNOWN,-2.465968608856201,Balance,796.7065059281389,437,Status.UNKNOWN,-2.465968608856201,
21,0.0549019607843137,DFS:,1002.503625869751,343,Status.UNKNOWN,-2.9000821113586426,Balance,697.5679416715914,349,Status.UNKNOWN,-2.9000821113586426,
29,0.0156862745098039,DFS:,3.8698112964630127,5,Status.VERIFIED,-0.0475778020918369,Balance,3.785573821807637,5,Status.VERIFIED,-0.0475778020918369,
29,0.0196078431372549,DFS:,1000.99223613739,891,Status.UNKNOWN,-1.1628063917160034,Balance,810.1030040561336,925,Status.UNKNOWN,-1.1628063917160034,
29,0.0235294117647058,DFS:,1002.2492237091064,611,Status.UNKNOWN,-2.456860065460205,Balance,720.9493671301758,597,Status.UNKNOWN,-2.456860065460205,
32,0.0117647058823529,DFS:,1001.683200120926,1009,Status.UNKNOWN,-0.1143627390265464,Balance,829.6772292605442,397,Status.UNKNOWN,-0.1143627390265464,
34,0.0235294117647058,DFS:,1001.4195520877838,1427,Status.UNKNOWN,-0.4322676956653595,Balance,921.5815353208902,1041,Status.UNKNOWN,-0.4322676956653595,
34,0.0274509803921568,DFS:,1001.6540842056274,687,Status.UNKNOWN,-1.2327089309692385,Balance,787.7701098137015,679,Status.UNKNOWN,-1.2327089309692385,
34,0.0313725490196078,DFS:,1003.421811580658,453,Status.UNKNOWN,-2.2093138694763184,Balance,955.5257676194204,451,Status.UNKNOWN,-2.2093138694763184,
34,0.0352941176470588,DFS:,848.0307953357697,292,Status.ADV_EXAMPLE,-3.3162624835968018,Balance,580.6312117842446,343,Status.UNKNOWN,-3.3162624835968018,
37,0.0156862745098039,DFS:,1000.9168643951416,1661,Status.UNKNOWN,-0.2038047313690185,Balance,955.6956721001346,1663,Status.UNKNOWN,-0.2038047313690185,
38,0.0196078431372549,DFS:,2.72446346282959,3,Status.VERIFIED,0.2073061466217041,Balance,2.6684863710655957,3,Status.VERIFIED,0.2073061466217041,
38,0.0235294117647058,DFS:,16.828763008117676,23,Status.VERIFIED,-0.4379141926765442,Balance,16.15293900592851,23,Status.VERIFIED,-0.4379141926765442,
38,0.0274509803921568,DFS:,1001.7193899154664,737,Status.UNKNOWN,-1.2032214403152466,Balance,554.2200736923354,743,Status.UNKNOWN,-1.2032214403152466,
38,0.0313725490196078,DFS:,1002.358336687088,317,Status.UNKNOWN,-2.3912997245788574,Balance,971.1555718594326,317,Status.UNKNOWN,-2.3912997245788574,
39,0.0117647058823529,DFS:,369.36030650138855,597,Status.VERIFIED,-0.3500669598579407,Balance,356.76984438158206,469,Status.UNKNOWN,-0.3500669598579407,
41,0.0274509803921568,DFS:,9.041915655136108,9,Status.VERIFIED,-0.1001493036746978,Balance,8.833759390937486,9,Status.VERIFIED,-0.1001493036746978,
41,0.0313725490196078,DFS:,1003.6759674549104,423,Status.UNKNOWN,-0.4952231347560882,Balance,918.7033918834128,415,Status.UNKNOWN,-0.4952231347560882,
41,0.0352941176470588,DFS:,1003.7619326114656,301,Status.UNKNOWN,-1.4789403676986694,Balance,584.6296657799777,293,Status.UNKNOWN,-1.4789403676986694,
41,0.0392156862745098,DFS:,1004.8412215709686,261,Status.UNKNOWN,-2.8052761554718018,Balance,781.859020546334,255,Status.UNKNOWN,-2.8052761554718018,
41,0.0431372549019607,DFS:,1001.8747136592864,227,Status.UNKNOWN,-4.267006874084473,Balance,707.9707305533123,225,Status.UNKNOWN,-4.267006874084473,
41,0.0470588235294117,DFS:,1003.8583989143372,205,Status.UNKNOWN,-5.861013412475586,Balance,955.9740735724585,205,Status.UNKNOWN,-5.861013412475586,
43,0.0117647058823529,DFS:,1001.777776002884,1505,Status.UNKNOWN,-0.1245194524526596,Balance,731.713081986588,1145,Status.UNKNOWN,-0.1245194524526596,
45,0.0274509803921568,DFS:,243.28164172172544,179,Status.VERIFIED,-0.6061285734176636,Balance,194.49756829362,151,Status.UNKNOWN,-0.6061285734176636,
45,0.0313725490196078,DFS:,1003.0320749282836,571,Status.UNKNOWN,-1.8053077459335327,Balance,755.8110020531428,561,Status.UNKNOWN,-1.8053077459335327,
45,0.0352941176470588,DFS:,1002.9282677173616,427,Status.UNKNOWN,-3.155069828033448,Balance,645.5285974573511,429,Status.UNKNOWN,-3.155069828033448,
45,0.0392156862745098,DFS:,1007.9471290111542,313,Status.UNKNOWN,-4.652402877807617,Balance,966.233264560009,317,Status.UNKNOWN,-4.652402877807617,
45,0.0431372549019607,DFS:,1007.6173791885376,253,Status.UNKNOWN,-6.261859893798828,Balance,865.594324467979,249,Status.UNKNOWN,-6.261859893798828,
50,0.0274509803921568,DFS:,195.7563118934632,205,Status.VERIFIED,-0.2285318970680236,Balance,176.2206026261545,197,Status.UNKNOWN,-0.2285318970680236,
50,0.0313725490196078,DFS:,1002.236839056015,633,Status.UNKNOWN,-0.7782116532325745,Balance,728.625534150032,637,Status.UNKNOWN,-0.7782116532325745,
50,0.0352941176470588,DFS:,1001.3223104476928,375,Status.UNKNOWN,-1.4703876972198486,Balance,982.3325045265702,375,Status.UNKNOWN,-1.4703876972198486,
51,0.0117647058823529,DFS:,65.45586109161377,63,Status.VERIFIED,-0.1326189190149307,Balance,62.60990953111968,63,Status.VERIFIED,-0.1326189190149307,
51,0.0156862745098039,DFS:,1002.3587720394136,551,Status.UNKNOWN,-0.8538663983345032,Balance,785.9083608060876,533,Status.UNKNOWN,-0.8538663983345032,
54,0.0274509803921568,DFS:,1001.1287560462952,1001,Status.UNKNOWN,-0.5848298668861389,Balance,503.2645139631026,1025,Status.UNKNOWN,-0.5848298668861389,
54,0.0313725490196078,DFS:,1002.3965809345244,765,Status.UNKNOWN,-1.73594331741333,Balance,969.3545942288512,765,Status.UNKNOWN,-1.73594331741333,
54,0.0352941176470588,DFS:,1001.9387974739076,679,Status.UNKNOWN,-3.225090503692627,Balance,800.72366977558,675,Status.UNKNOWN,-3.225090503692627,
54,0.0392156862745098,DFS:,1003.7204518318176,433,Status.UNKNOWN,-4.847123146057129,Balance,799.6970093724568,431,Status.UNKNOWN,-4.847123146057129,
54,0.0431372549019607,DFS:,1003.1331148147584,341,Status.UNKNOWN,-6.599106788635254,Balance,957.418247872061,341,Status.UNKNOWN,-6.599106788635254,
54,0.0470588235294117,DFS:,1008.0772914886476,247,Status.UNKNOWN,-8.506646156311035,Balance,511.58271054600834,241,Status.UNKNOWN,-8.506646156311035,
55,0.0156862745098039,DFS:,1000.6541576385498,1595,Status.UNKNOWN,-0.2051223665475845,Balance,586.0866475465409,765,Status.UNKNOWN,-0.2051223665475845,
56,0.0196078431372549,DFS:,120.4060401916504,185,Status.VERIFIED,-0.1446801722049713,Balance,108.38589497825026,183,Status.UNKNOWN,-0.1446801722049713,
60,0.0235294117647058,DFS:,10.808223247528076,15,Status.VERIFIED,-0.2541221678256988,Balance,10.624924746792033,15,Status.VERIFIED,-0.2541221678256988,
60,0.0274509803921568,DFS:,1002.7026715278624,763,Status.UNKNOWN,-1.048097014427185,Balance,514.315722278605,759,Status.UNKNOWN,-1.048097014427185,
60,0.0313725490196078,DFS:,1001.4866280555724,469,Status.UNKNOWN,-2.027671813964844,Balance,750.2184469300187,461,Status.UNKNOWN,-2.027671813964844,
60,0.0352941176470588,DFS:,1005.6151969432832,311,Status.UNKNOWN,-3.645208835601807,Balance,854.0265395047348,309,Status.UNKNOWN,-3.645208835601807,
62,0.0039215686274509,DFS:,2.237021207809448,3,Status.VERIFIED,0.0029273047111928,Balance,2.143393417941392,3,Status.VERIFIED,0.0029273047111928,
64,0.0117647058823529,DFS:,122.1739308834076,113,Status.VERIFIED,-0.1276798546314239,Balance,120.01315302018268,113,Status.VERIFIED,-0.1276798546314239,
66,0.0117647058823529,DFS:,13.614378452301024,21,Status.VERIFIED,-0.0807133466005325,Balance,12.9816388317704,21,Status.VERIFIED,-0.0807133466005325,
70,0.0117647058823529,DFS:,27.32370901107788,41,Status.VERIFIED,-0.0523029714822769,Balance,26.838690859099447,41,Status.VERIFIED,-0.0523029714822769,
71,0.0196078431372549,DFS:,454.86792755126953,271,Status.VERIFIED,-0.2608925104141235,Balance,414.988117186959,251,Status.UNKNOWN,-0.2608925104141235,
71,0.0235294117647058,DFS:,1002.0839598178864,433,Status.UNKNOWN,-0.9442526698112488,Balance,663.7383987617517,429,Status.UNKNOWN,-0.9442526698112488,
71,0.0274509803921568,DFS:,1005.0505826473236,349,Status.UNKNOWN,-1.9080133438110352,Balance,970.933882373414,349,Status.UNKNOWN,-1.9080133438110352,
71,0.0313725490196078,DFS:,1007.4533467292786,275,Status.UNKNOWN,-3.3762571811676025,Balance,655.6646284632549,279,Status.UNKNOWN,-3.3762571811676025,
72,0.0196078431372549,DFS:,4.256648063659668,5,Status.VERIFIED,-0.0944177880883216,Balance,4.100289408646826,5,Status.VERIFIED,-0.0944177880883216,
72,0.0235294117647058,DFS:,1001.7549910545348,975,Status.UNKNOWN,-0.9801617860794068,Balance,762.3422042278638,827,Status.UNKNOWN,-0.9801617860794068,
72,0.0274509803921568,DFS:,1000.7824907302856,381,Status.UNKNOWN,-2.082716703414917,Balance,966.7116770467296,381,Status.UNKNOWN,-2.082716703414917,
72,0.0313725490196078,DFS:,1002.1859374046326,303,Status.UNKNOWN,-3.6093249320983887,Balance,967.4310009638896,305,Status.UNKNOWN,-3.6093249320983887,
72,0.0352941176470588,DFS:,1008.2121617794036,273,Status.UNKNOWN,-5.66952657699585,Balance,510.47124859898906,267,Status.UNKNOWN,-5.66952657699585,
73,0.0235294117647058,DFS:,3.2025721073150635,3,Status.VERIFIED,0.0147704593837261,Balance,3.069675399483477,3,Status.VERIFIED,0.0147704593837261,
73,0.0274509803921568,DFS:,1001.0331387519836,595,Status.UNKNOWN,-0.772935688495636,Balance,839.3500798494696,597,Status.UNKNOWN,-0.772935688495636,
73,0.0313725490196078,DFS:,1001.4322645664216,281,Status.UNKNOWN,-2.475757360458374,Balance,803.0018993768789,275,Status.UNKNOWN,-2.475757360458374,
73,0.0352941176470588,DFS:,1006.0882651805878,253,Status.UNKNOWN,-4.664992332458496,Balance,795.2826698008481,245,Status.UNKNOWN,-4.664992332458496,
73,0.0392156862745098,DFS:,1007.4698367118835,215,Status.UNKNOWN,-7.089103698730469,Balance,737.468056709832,205,Status.UNKNOWN,-7.089103698730469,
73,0.0431372549019607,DFS:,1006.304834127426,179,Status.UNKNOWN,-9.847272872924805,Balance,885.3678297453637,171,Status.UNKNOWN,-9.847272872924805,
73,0.0470588235294117,DFS:,1001.3203811645508,149,Status.UNKNOWN,-13.169285774230955,Balance,988.5688667197478,147,Status.UNKNOWN,-13.169285774230955,
73,0.0509803921568627,DFS:,1016.349311351776,127,Status.UNKNOWN,-16.387561798095703,Balance,825.9047807641043,125,Status.UNKNOWN,-16.387561798095703,
73,0.0549019607843137,DFS:,1010.6203389167786,101,Status.UNKNOWN,-19.654415130615234,Balance,977.1960209335916,101,Status.UNKNOWN,-19.654415130615234,
73,0.0588235294117647,DFS:,1010.274626493454,87,Status.UNKNOWN,-22.967687606811523,Balance,972.4642898625834,89,Status.UNKNOWN,-22.967687606811523,
73,0.0627450980392156,DFS:,1011.819321155548,79,Status.UNKNOWN,-26.37556266784668,Balance,968.3971266785202,79,Status.UNKNOWN,-26.37556266784668,
76,0.0196078431372549,DFS:,8.374724388122559,11,Status.VERIFIED,-0.2080458104610443,Balance,8.020044053214345,11,Status.VERIFIED,-0.2080458104610443,
76,0.0235294117647058,DFS:,1002.8096656799316,917,Status.UNKNOWN,-0.9025434255599976,Balance,832.6233653417354,891,Status.UNKNOWN,-0.9025434255599976,
76,0.0274509803921568,DFS:,1005.8294990062714,365,Status.UNKNOWN,-2.1815993785858154,Balance,874.8027007405254,359,Status.UNKNOWN,-2.1815993785858154,
77,0.0078431372549019,DFS:,7.572606801986694,11,Status.VERIFIED,-0.0085869673639535,Balance,7.3307555832917295,11,Status.VERIFIED,-0.0085869673639535,
78,0.0156862745098039,DFS:,1002.0458052158356,1063,Status.UNKNOWN,-0.1553488373756408,Balance,700.3897908703051,1071,Status.UNKNOWN,-0.1553488373756408,
79,0.0196078431372549,DFS:,1001.0505928993224,1049,Status.UNKNOWN,-0.1524242013692855,Balance,553.4399289303636,653,Status.UNKNOWN,-0.1524242013692855,
79,0.0235294117647058,DFS:,1001.2814893722534,983,Status.UNKNOWN,-0.694134533405304,Balance,503.8516361150131,995,Status.UNKNOWN,-0.694134533405304,
79,0.0274509803921568,DFS:,1002.174022436142,925,Status.UNKNOWN,-1.3486682176589966,Balance,855.4736464084777,945,Status.UNKNOWN,-1.3486682176589966,
80,0.0156862745098039,DFS:,51.50982856750488,79,Status.VERIFIED,-0.3623549938201904,Balance,50.13765095458096,79,Status.VERIFIED,-0.3623549938201904,
80,0.0196078431372549,DFS:,1001.3589248657228,1105,Status.UNKNOWN,-1.005444884300232,Balance,663.7028152380597,1097,Status.UNKNOWN,-1.005444884300232,
81,0.0274509803921568,DFS:,60.697566747665405,91,Status.VERIFIED,-0.1389224529266357,Balance,58.75680180469823,91,Status.VERIFIED,-0.1389224529266357,
81,0.0313725490196078,DFS:,1000.951054096222,989,Status.UNKNOWN,-0.4597892463207245,Balance,842.0869616593428,1021,Status.UNKNOWN,-0.4597892463207245,
81,0.0352941176470588,DFS:,1003.6384570598602,557,Status.UNKNOWN,-0.8879802823066711,Balance,983.0520973391504,557,Status.UNKNOWN,-0.8879802823066711,
82,0.0274509803921568,DFS:,2.6133384704589844,3,Status.VERIFIED,0.1224247887730598,Balance,2.5678737304956707,3,Status.VERIFIED,0.1224247887730598,
82,0.0313725490196078,DFS:,218.53768157958984,223,Status.VERIFIED,-0.9642476439476012,Balance,127.6377621043052,209,Status.UNKNOWN,-0.9642476439476012,
82,0.0352941176470588,DFS:,1002.180100440979,431,Status.UNKNOWN,-2.267664909362793,Balance,539.0047249414677,427,Status.UNKNOWN,-2.267664909362793,
82,0.0392156862745098,DFS:,1003.1692192554474,321,Status.UNKNOWN,-3.744133234024048,Balance,605.130546522783,337,Status.UNKNOWN,-3.744133234024048,
82,0.0431372549019607,DFS:,1002.51357960701,255,Status.UNKNOWN,-5.995694160461426,Balance,915.0852769364373,243,Status.UNKNOWN,-5.995694160461426,
82,0.0470588235294117,DFS:,1006.4589855670928,221,Status.UNKNOWN,-8.142075538635254,Balance,503.3008827895141,209,Status.UNKNOWN,-8.142075538635254,
82,0.0509803921568627,DFS:,1007.7177910804749,189,Status.UNKNOWN,-10.42253303527832,Balance,582.382546809621,183,Status.UNKNOWN,-10.42253303527832,
82,0.0549019607843137,DFS:,1007.906730890274,165,Status.UNKNOWN,-13.217292785644531,Balance,822.0070900858663,167,Status.UNKNOWN,-13.217292785644531,
82,0.0588235294117647,DFS:,1007.9575710296632,147,Status.UNKNOWN,-16.306289672851562,Balance,983.705340923382,147,Status.UNKNOWN,-16.306289672851562,
82,0.0627450980392156,DFS:,1011.6996343135834,131,Status.UNKNOWN,-19.455108642578125,Balance,712.4791684300201,133,Status.UNKNOWN,-19.455108642578125,
84,0.0274509803921568,DFS:,1001.5479910373688,747,Status.UNKNOWN,-0.2609438598155975,Balance,666.3104159446985,749,Status.UNKNOWN,-0.2609438598155975,
84,0.0313725490196078,DFS:,1001.9426674842834,387,Status.UNKNOWN,-0.8992294073104858,Balance,529.2415847655469,389,Status.UNKNOWN,-0.8992294073104858,
84,0.0352941176470588,DFS:,1002.9010798931122,277,Status.UNKNOWN,-1.813076138496399,Balance,956.7289773227792,265,Status.UNKNOWN,-1.813076138496399,
84,0.0392156862745098,DFS:,1003.104877948761,207,Status.UNKNOWN,-3.8481173515319824,Balance,980.7075391836488,217,Status.UNKNOWN,-3.8481173515319824,
84,0.0431372549019607,DFS:,1008.4185464382172,177,Status.UNKNOWN,-6.14735746383667,Balance,752.216418761067,189,Status.UNKNOWN,-6.14735746383667,
88,0.0078431372549019,DFS:,1000.649736881256,1307,Status.UNKNOWN,-0.1379105746746063,Balance,591.9783876563273,1311,Status.UNKNOWN,-0.1379105746746063,
89,0.0156862745098039,DFS:,1001.836097240448,1195,Status.UNKNOWN,-0.2702937424182892,Balance,964.289362622368,1181,Status.UNKNOWN,-0.2702937424182892,
89,0.0196078431372549,DFS:,1002.3842389583588,913,Status.UNKNOWN,-0.7204579710960388,Balance,722.257323691377,897,Status.UNKNOWN,-0.7204579710960388,
89,0.0235294117647058,DFS:,1001.1956601142884,823,Status.UNKNOWN,-1.80208683013916,Balance,558.5865129719115,815,Status.UNKNOWN,-1.80208683013916,
90,0.0156862745098039,DFS:,1000.9702761173248,1527,Status.UNKNOWN,-0.209043264389038,Balance,776.8966535335122,1609,Status.UNKNOWN,-0.209043264389038,
92,0.0235294117647058,DFS:,11.372857332229614,17,Status.VERIFIED,-0.3208000957965851,Balance,11.028222996976035,17,Status.VERIFIED,-0.3208000957965851,
92,0.0274509803921568,DFS:,1000.9839568138124,1485,Status.UNKNOWN,-1.293817162513733,Balance,668.2853399447511,1519,Status.UNKNOWN,-1.293817162513733,
92,0.0313725490196078,DFS:,1001.544457435608,1089,Status.UNKNOWN,-2.4710500240325928,Balance,952.6905556245512,1125,Status.UNKNOWN,-2.4710500240325928,
92,0.0352941176470588,DFS:,1002.77995967865,701,Status.UNKNOWN,-3.767255067825317,Balance,957.8963794300312,703,Status.UNKNOWN,-3.767255067825317,
92,0.0392156862745098,DFS:,1003.0455090999604,421,Status.UNKNOWN,-5.216450214385986,Balance,784.1558721627745,427,Status.UNKNOWN,-5.216450214385986,
92,0.0431372549019607,DFS:,202.6741967201233,72,Status.ADV_EXAMPLE,-6.876535892486572,Balance,112.826320861929,202,Status.ADV_EXAMPLE,-6.876535892486572,
96,0.0196078431372549,DFS:,235.73630928993225,241,Status.VERIFIED,-0.664104700088501,Balance,219.90939681017787,195,Status.UNKNOWN,-0.664104700088501,
96,0.0235294117647058,DFS:,1004.366931438446,447,Status.UNKNOWN,-2.029626846313477,Balance,979.455116940427,441,Status.UNKNOWN,-2.029626846313477,
96,0.0274509803921568,DFS:,1004.290318250656,287,Status.UNKNOWN,-3.566500902175904,Balance,746.7030383446931,283,Status.UNKNOWN,-3.566500902175904,
96,0.0313725490196078,DFS:,1001.2841718196868,243,Status.UNKNOWN,-5.330554485321045,Balance,952.1550681120268,243,Status.UNKNOWN,-5.330554485321045,
96,0.0352941176470588,DFS:,1003.8174154758452,217,Status.UNKNOWN,-7.506685733795166,Balance,685.4791115397404,221,Status.UNKNOWN,-7.506685733795166,
98,0.0392156862745098,DFS:,5.655455827713013,7,Status.VERIFIED,-0.0418656356632709,Balance,5.4441260903757325,7,Status.VERIFIED,-0.0418656356632709,
98,0.0431372549019607,DFS:,76.45734739303589,103,Status.VERIFIED,-0.2629497945308685,Balance,73.03886782693672,103,Status.VERIFIED,-0.2629497945308685,
98,0.0470588235294117,DFS:,1001.557363986969,1143,Status.UNKNOWN,-0.4998425841331482,Balance,880.7004405026229,1141,Status.UNKNOWN,-0.4998425841331482,
98,0.0509803921568627,DFS:,1001.9698610305786,889,Status.UNKNOWN,-0.7574468851089478,Balance,972.787701042179,889,Status.UNKNOWN,-0.7574468851089478,
98,0.0549019607843137,DFS:,1003.0353858470916,715,Status.UNKNOWN,-1.0584901571273804,Balance,821.5981749103981,707,Status.UNKNOWN,-1.0584901571273804,
