0,0.0117647058823529,SA0:,1001.8282380104065,1123,Status.UNKNOWN,-0.07097303867340088,SA1:,1002.0696921348572,1137,Status.UNKNOWN,-0.07097303867340088,SA2:,1002.0512797832489,1123,Status.UNKNOWN,-0.07097303867340088,SA3:,1001.882431268692,1129,Status.UNKNOWN,-0.07097303867340088,SA4:,1002.500962972641,1145,Status.UNKNOWN,-0.07097303867340088,SA5:,1001.197018623352,1101,Status.UNKNOWN,-0.07097303867340088
1,0.0156862745098039,SA0:,1001.6962912082672,1509,Status.UNKNOWN,-0.338097482919693,SA1:,1001.4365112781525,1505,Status.UNKNOWN,-0.338097482919693,SA2:,1001.141642332077,1517,Status.UNKNOWN,-0.338097482919693,SA3:,1001.3980853557587,1519,Status.UNKNOWN,-0.338097482919693,SA4:,1001.1414079666138,1501,Status.UNKNOWN,-0.338097482919693,SA5:,1001.2873201370239,1507,Status.UNKNOWN,-0.338097482919693
2,0.0196078431372549,SA0:,62.29199290275574,75,Status.VERIFIED,-0.39549481868743896,SA1:,62.775593996047974,75,Status.VERIFIED,-0.39549481868743896,SA2:,61.19013476371765,75,Status.VERIFIED,-0.39549481868743896,SA3:,61.89288520812988,75,Status.VERIFIED,-0.39549481868743896,SA4:,62.259331941604614,75,Status.VERIFIED,-0.39549481868743896,SA5:,62.759395599365234,75,Status.VERIFIED,-0.39549481868743896
2,0.0235294117647058,SA0:,1000.8366498947144,899,Status.UNKNOWN,-1.299748182296753,SA1:,1000.6928141117096,903,Status.UNKNOWN,-1.299748182296753,SA2:,1001.8861658573151,885,Status.UNKNOWN,-1.299748182296753,SA3:,1001.1536250114441,841,Status.UNKNOWN,-1.299748182296753,SA4:,1002.7009847164154,859,Status.UNKNOWN,-1.299748182296753,SA5:,1001.5007724761963,899,Status.UNKNOWN,-1.299748182296753
2,0.0274509803921568,SA0:,1001.4394388198853,809,Status.UNKNOWN,-2.4382033348083496,SA1:,1001.5892329216003,817,Status.UNKNOWN,-2.4382033348083496,SA2:,1002.0540580749512,815,Status.UNKNOWN,-2.4382033348083496,SA3:,1001.0753352642059,807,Status.UNKNOWN,-2.4382033348083496,SA4:,1002.8139159679413,803,Status.UNKNOWN,-2.4382033348083496,SA5:,1001.9837603569031,779,Status.UNKNOWN,-2.4382033348083496
3,0.0078431372549019,SA0:,17.46754264831543,27,Status.VERIFIED,-0.04892588406801224,SA1:,17.016170740127563,27,Status.VERIFIED,-0.04892588406801224,SA2:,16.88580822944641,27,Status.VERIFIED,-0.04892588406801224,SA3:,17.133604526519775,27,Status.VERIFIED,-0.04892588406801224,SA4:,16.892663717269897,27,Status.VERIFIED,-0.04892588406801224,SA5:,17.18085265159607,27,Status.VERIFIED,-0.04892588406801224
4,0.0156862745098039,SA0:,5.1471757888793945,7,Status.VERIFIED,-0.06767041981220245,SA1:,5.505249261856079,7,Status.VERIFIED,-0.06767041981220245,SA2:,5.339825391769409,7,Status.VERIFIED,-0.06767041981220245,SA3:,5.222911596298218,7,Status.VERIFIED,-0.06767041981220245,SA4:,5.371258020401001,7,Status.VERIFIED,-0.06767041981220245,SA5:,5.34914755821228,7,Status.VERIFIED,-0.06767041981220245
4,0.0196078431372549,SA0:,1000.6875214576721,899,Status.UNKNOWN,-0.7213180661201477,SA1:,1000.9486019611359,917,Status.UNKNOWN,-0.7213180661201477,SA2:,1000.6420357227325,929,Status.UNKNOWN,-0.7213180661201477,SA3:,1000.6579213142395,923,Status.UNKNOWN,-0.7213180661201477,SA4:,1000.6448709964752,903,Status.UNKNOWN,-0.7213180661201477,SA5:,1000.6417739391327,907,Status.UNKNOWN,-0.7213180661201477
4,0.0235294117647058,SA0:,1004.0727307796478,519,Status.UNKNOWN,-1.5061193704605103,SA1:,1003.8751647472382,515,Status.UNKNOWN,-1.5061193704605103,SA2:,1002.1805057525635,515,Status.UNKNOWN,-1.5061193704605103,SA3:,1001.0692911148071,517,Status.UNKNOWN,-1.5061193704605103,SA4:,1003.665602684021,515,Status.UNKNOWN,-1.5061193704605103,SA5:,1004.4871966838837,523,Status.UNKNOWN,-1.5061193704605103
4,0.0274509803921568,SA0:,1002.3482315540314,385,Status.UNKNOWN,-2.3322253227233887,SA1:,1004.305061340332,387,Status.UNKNOWN,-2.3322253227233887,SA2:,1002.8949105739594,387,Status.UNKNOWN,-2.3322253227233887,SA3:,1003.3999590873718,385,Status.UNKNOWN,-2.3322253227233887,SA4:,1003.3134076595306,385,Status.UNKNOWN,-2.3322253227233887,SA5:,1003.5921094417572,383,Status.UNKNOWN,-2.3322253227233887
5,0.0156862745098039,SA0:,20.297486305236816,27,Status.VERIFIED,-0.037728287279605865,SA1:,19.96163558959961,27,Status.VERIFIED,-0.037728287279605865,SA2:,19.84155011177063,27,Status.VERIFIED,-0.037728287279605865,SA3:,19.70994520187378,27,Status.VERIFIED,-0.037728287279605865,SA4:,19.28110647201538,27,Status.VERIFIED,-0.037728287279605865,SA5:,19.37447452545166,27,Status.VERIFIED,-0.037728287279605865
5,0.0196078431372549,SA0:,1001.5584347248077,1003,Status.UNKNOWN,-0.47777917981147766,SA1:,1001.3097705841064,985,Status.UNKNOWN,-0.47777917981147766,SA2:,1001.7482867240906,973,Status.UNKNOWN,-0.47777917981147766,SA3:,1000.8357388973236,973,Status.UNKNOWN,-0.47777917981147766,SA4:,1001.6506955623627,967,Status.UNKNOWN,-0.47777917981147766,SA5:,1000.6535913944244,965,Status.UNKNOWN,-0.47777917981147766
6,0.0156862745098039,SA0:,5.423865795135498,7,Status.VERIFIED,-0.0505773201584816,SA1:,5.198043584823608,7,Status.VERIFIED,-0.0505773201584816,SA2:,5.245877265930176,7,Status.VERIFIED,-0.0505773201584816,SA3:,5.219120025634766,7,Status.VERIFIED,-0.0505773201584816,SA4:,4.98041296005249,7,Status.VERIFIED,-0.0505773201584816,SA5:,5.2916038036346436,7,Status.VERIFIED,-0.0505773201584816
6,0.0196078431372549,SA0:,1002.273588180542,1099,Status.UNKNOWN,-0.7085234522819519,SA1:,1001.2768869400024,1119,Status.UNKNOWN,-0.7085234522819519,SA2:,1000.6884233951569,1107,Status.UNKNOWN,-0.7085234522819519,SA3:,1001.96249127388,1107,Status.UNKNOWN,-0.7085234522819519,SA4:,1002.7079646587372,1083,Status.UNKNOWN,-0.7085234522819519,SA5:,1000.6969215869904,1063,Status.UNKNOWN,-0.7085234522819519
9,0.0196078431372549,SA0:,2.8418078422546387,3,Status.VERIFIED,0.022771764546632767,SA1:,3.025838613510132,3,Status.VERIFIED,0.022771764546632767,SA2:,2.9066805839538574,3,Status.VERIFIED,0.022771764546632767,SA3:,3.0116961002349854,3,Status.VERIFIED,0.022771764546632767,SA4:,2.7704598903656006,3,Status.VERIFIED,0.022771764546632767,SA5:,2.8690671920776367,3,Status.VERIFIED,0.022771764546632767
9,0.0235294117647058,SA0:,1000.7119693756104,857,Status.UNKNOWN,-0.42113667726516724,SA1:,1000.640379190445,825,Status.UNKNOWN,-0.42113667726516724,SA2:,1000.653461933136,839,Status.UNKNOWN,-0.42113667726516724,SA3:,1000.6963429450989,827,Status.UNKNOWN,-0.42113667726516724,SA4:,1000.6539223194122,833,Status.UNKNOWN,-0.42113667726516724,SA5:,1000.6399600505829,831,Status.UNKNOWN,-0.42113667726516724
9,0.0274509803921568,SA0:,1002.5037786960602,799,Status.UNKNOWN,-1.142561674118042,SA1:,1002.311779499054,801,Status.UNKNOWN,-1.142561674118042,SA2:,1002.190301656723,805,Status.UNKNOWN,-1.142561674118042,SA3:,1001.9625709056854,803,Status.UNKNOWN,-1.142561674118042,SA4:,1002.2763638496399,803,Status.UNKNOWN,-1.142561674118042,SA5:,1001.7605469226837,799,Status.UNKNOWN,-1.142561674118042
9,0.0313725490196078,SA0:,1001.0468699932098,411,Status.UNKNOWN,-2.4326999187469482,SA1:,1001.5134596824646,413,Status.UNKNOWN,-2.4326999187469482,SA2:,1001.303519487381,411,Status.UNKNOWN,-2.4326999187469482,SA3:,1003.3570692539215,395,Status.UNKNOWN,-2.4326999187469482,SA4:,1002.4687833786011,395,Status.UNKNOWN,-2.4326999187469482,SA5:,1004.5707902908325,401,Status.UNKNOWN,-2.4326999187469482
10,0.0156862745098039,SA0:,1000.8842687606812,705,Status.UNKNOWN,-0.5400390028953552,SA1:,1003.1685018539429,701,Status.UNKNOWN,-0.5400390028953552,SA2:,1002.8695900440216,709,Status.UNKNOWN,-0.5400390028953552,SA3:,1003.3507969379425,717,Status.UNKNOWN,-0.5400390028953552,SA4:,1002.9446151256561,721,Status.UNKNOWN,-0.5400390028953552,SA5:,1002.784770488739,721,Status.UNKNOWN,-0.5400390028953552
11,0.0196078431372549,SA0:,3.8758022785186768,5,Status.VERIFIED,-0.09326659888029099,SA1:,3.7644248008728027,5,Status.VERIFIED,-0.09326659888029099,SA2:,3.9088597297668457,5,Status.VERIFIED,-0.09326659888029099,SA3:,3.8373630046844482,5,Status.VERIFIED,-0.09326659888029099,SA4:,3.878166675567627,5,Status.VERIFIED,-0.09326659888029099,SA5:,3.9643735885620117,5,Status.VERIFIED,-0.09326659888029099
11,0.0235294117647058,SA0:,1001.4418776035309,1433,Status.UNKNOWN,-0.4619868993759155,SA1:,1001.9491155147552,1437,Status.UNKNOWN,-0.4619868993759155,SA2:,1001.4416606426239,1435,Status.UNKNOWN,-0.4619868993759155,SA3:,1001.5481777191162,1439,Status.UNKNOWN,-0.4619868993759155,SA4:,1001.9227476119995,1433,Status.UNKNOWN,-0.4619868993759155,SA5:,1001.2660255432129,1425,Status.UNKNOWN,-0.4619868993759155
11,0.0274509803921568,SA0:,1002.2435193061829,977,Status.UNKNOWN,-0.9616386890411377,SA1:,1001.9561531543732,977,Status.UNKNOWN,-0.9616386890411377,SA2:,1000.8898220062256,981,Status.UNKNOWN,-0.9616386890411377,SA3:,1001.3793892860413,977,Status.UNKNOWN,-0.9616386890411377,SA4:,1002.0745825767517,989,Status.UNKNOWN,-0.9616386890411377,SA5:,1002.1814291477203,979,Status.UNKNOWN,-0.9616386890411377
13,0.0274509803921568,SA0:,5.2494049072265625,7,Status.VERIFIED,-0.1413058489561081,SA1:,5.626270294189453,7,Status.VERIFIED,-0.1413058489561081,SA2:,5.304371356964111,7,Status.VERIFIED,-0.1413058489561081,SA3:,5.278167486190796,7,Status.VERIFIED,-0.1413058489561081,SA4:,5.407877206802368,7,Status.VERIFIED,-0.1413058489561081,SA5:,5.1782426834106445,7,Status.VERIFIED,-0.1413058489561081
13,0.0313725490196078,SA0:,216.36916947364807,219,Status.VERIFIED,-1.1055994033813477,SA1:,216.86656260490417,219,Status.VERIFIED,-1.1055994033813477,SA2:,212.818909406662,219,Status.VERIFIED,-1.1055994033813477,SA3:,1000.664398431778,217,Status.UNKNOWN,-1.1055994033813477,SA4:,1000.6657338142395,215,Status.UNKNOWN,-1.1055994033813477,SA5:,217.32606887817383,219,Status.VERIFIED,-1.1055994033813477
13,0.0352941176470588,SA0:,1001.1512093544006,793,Status.UNKNOWN,-2.130016326904297,SA1:,1001.1698887348175,783,Status.UNKNOWN,-2.130016326904297,SA2:,1002.3608508110046,769,Status.UNKNOWN,-2.130016326904297,SA3:,1002.2228462696075,757,Status.UNKNOWN,-2.130016326904297,SA4:,1003.1538562774658,761,Status.UNKNOWN,-2.130016326904297,SA5:,1002.2360942363739,757,Status.UNKNOWN,-2.130016326904297
13,0.0392156862745098,SA0:,1003.1655871868134,495,Status.UNKNOWN,-3.2916452884674072,SA1:,1002.7186777591705,497,Status.UNKNOWN,-3.2916452884674072,SA2:,1003.5513377189636,495,Status.UNKNOWN,-3.2916452884674072,SA3:,1000.8417866230011,497,Status.UNKNOWN,-3.2916452884674072,SA4:,1001.8056025505066,497,Status.UNKNOWN,-3.2916452884674072,SA5:,1001.3152091503143,495,Status.UNKNOWN,-3.2916452884674072
13,0.0431372549019607,SA0:,1001.8840138912201,355,Status.UNKNOWN,-4.541351318359375,SA1:,1003.1791100502014,349,Status.UNKNOWN,-4.541351318359375,SA2:,1002.9051926136017,359,Status.UNKNOWN,-4.541351318359375,SA3:,1002.2310657501221,359,Status.UNKNOWN,-4.541351318359375,SA4:,1001.2751798629761,353,Status.UNKNOWN,-4.541351318359375,SA5:,1002.7416925430298,351,Status.UNKNOWN,-4.541351318359375
13,0.0470588235294117,SA0:,35.09465575218201,10,Status.ADV_EXAMPLE,-5.949375152587891,SA1:,27.963446617126465,8,Status.ADV_EXAMPLE,-5.949375152587891,SA2:,96.65339827537537,28,Status.ADV_EXAMPLE,-5.949375152587891,SA3:,27.370423316955566,8,Status.ADV_EXAMPLE,-5.949375152587891,SA4:,20.4516921043396,6,Status.ADV_EXAMPLE,-5.949375152587891,SA5:,26.968897819519043,8,Status.ADV_EXAMPLE,-5.949375152587891
14,0.0235294117647058,SA0:,7.072956562042236,9,Status.VERIFIED,-0.22422929108142853,SA1:,7.119457960128784,9,Status.VERIFIED,-0.22422929108142853,SA2:,6.986413478851318,9,Status.VERIFIED,-0.22422929108142853,SA3:,6.798014879226685,9,Status.VERIFIED,-0.22422929108142853,SA4:,7.356099367141724,9,Status.VERIFIED,-0.22422929108142853,SA5:,6.8351874351501465,9,Status.VERIFIED,-0.22422929108142853
14,0.0274509803921568,SA0:,1000.6688885688782,441,Status.UNKNOWN,-0.7132694721221924,SA1:,1000.653267621994,449,Status.UNKNOWN,-0.7132694721221924,SA2:,1000.6652579307556,453,Status.UNKNOWN,-0.7132694721221924,SA3:,339.28346276283264,455,Status.VERIFIED,-0.7132694721221924,SA4:,1000.6509115695953,445,Status.UNKNOWN,-0.7132694721221924,SA5:,1000.6798567771912,453,Status.UNKNOWN,-0.7132694721221924
14,0.0313725490196078,SA0:,1003.1678464412689,665,Status.UNKNOWN,-1.2543799877166748,SA1:,1001.7610604763031,669,Status.UNKNOWN,-1.2543799877166748,SA2:,1003.422111749649,673,Status.UNKNOWN,-1.2543799877166748,SA3:,1002.7482390403748,671,Status.UNKNOWN,-1.2543799877166748,SA4:,1001.5885610580444,669,Status.UNKNOWN,-1.2543799877166748,SA5:,1002.3820366859436,669,Status.UNKNOWN,-1.2543799877166748
14,0.0352941176470588,SA0:,1003.7525768280029,367,Status.UNKNOWN,-2.3671231269836426,SA1:,1000.9441316127777,365,Status.UNKNOWN,-2.3671231269836426,SA2:,1005.4506192207336,367,Status.UNKNOWN,-2.3671231269836426,SA3:,1004.8938479423523,369,Status.UNKNOWN,-2.3671231269836426,SA4:,1000.9827780723572,365,Status.UNKNOWN,-2.3671231269836426,SA5:,1002.4319756031036,367,Status.UNKNOWN,-2.3671231269836426
14,0.0392156862745098,SA0:,1001.975777387619,247,Status.UNKNOWN,-3.6269259452819824,SA1:,1002.0063245296478,249,Status.UNKNOWN,-3.6269259452819824,SA2:,1002.4692540168762,247,Status.UNKNOWN,-3.6269259452819824,SA3:,1007.9319853782654,251,Status.UNKNOWN,-3.6269259452819824,SA4:,1005.9191591739655,251,Status.UNKNOWN,-3.6269259452819824,SA5:,1004.8933100700378,251,Status.UNKNOWN,-3.6269259452819824
14,0.0431372549019607,SA0:,140.95924878120422,32,Status.ADV_EXAMPLE,-5.713275909423828,SA1:,69.93775582313538,16,Status.ADV_EXAMPLE,-5.713275909423828,SA2:,176.31942677497864,40,Status.ADV_EXAMPLE,-5.713275909423828,SA3:,121.717214345932,28,Status.ADV_EXAMPLE,-5.713275909423828,SA4:,132.01562190055847,30,Status.ADV_EXAMPLE,-5.713275909423828,SA5:,113.92530012130737,26,Status.ADV_EXAMPLE,-5.713275909423828
16,0.0313725490196078,SA0:,1000.662698507309,285,Status.UNKNOWN,-0.07636624574661255,SA1:,1000.8318846225739,293,Status.UNKNOWN,-0.07636624574661255,SA2:,1000.6517233848572,295,Status.UNKNOWN,-0.07636624574661255,SA3:,1000.6736218929291,291,Status.UNKNOWN,-0.07636624574661255,SA4:,1000.6481430530548,295,Status.UNKNOWN,-0.07636624574661255,SA5:,1000.7836608886719,301,Status.UNKNOWN,-0.07636624574661255
16,0.0352941176470588,SA0:,1002.0632750988007,723,Status.UNKNOWN,-0.9010531306266785,SA1:,1001.1127045154572,721,Status.UNKNOWN,-0.9010531306266785,SA2:,1002.6732573509216,709,Status.UNKNOWN,-0.9010531306266785,SA3:,1002.8472089767456,703,Status.UNKNOWN,-0.9010531306266785,SA4:,1001.6714494228363,707,Status.UNKNOWN,-0.9010531306266785,SA5:,1002.006744146347,707,Status.UNKNOWN,-0.9010531306266785
16,0.0392156862745098,SA0:,1003.2301189899445,367,Status.UNKNOWN,-2.3812530040740967,SA1:,1004.9018497467041,369,Status.UNKNOWN,-2.3812530040740967,SA2:,1005.0911681652069,365,Status.UNKNOWN,-2.3812530040740967,SA3:,1004.172776222229,371,Status.UNKNOWN,-2.3812530040740967,SA4:,1005.9141945838928,369,Status.UNKNOWN,-2.3812530040740967,SA5:,1002.7204234600067,367,Status.UNKNOWN,-2.3812530040740967
16,0.0431372549019607,SA0:,1005.0506129264832,265,Status.UNKNOWN,-3.990830659866333,SA1:,1006.8693964481354,269,Status.UNKNOWN,-3.990830659866333,SA2:,1002.7355296611786,261,Status.UNKNOWN,-3.990830659866333,SA3:,1000.9528748989105,265,Status.UNKNOWN,-3.990830659866333,SA4:,1007.0885081291199,261,Status.UNKNOWN,-3.990830659866333,SA5:,1001.9767172336578,263,Status.UNKNOWN,-3.990830659866333
16,0.0470588235294117,SA0:,1006.7543232440948,241,Status.UNKNOWN,-5.770634651184082,SA1:,1007.5193400382996,243,Status.UNKNOWN,-5.770634651184082,SA2:,1000.7128455638885,241,Status.UNKNOWN,-5.770634651184082,SA3:,1007.0543167591095,241,Status.UNKNOWN,-5.770634651184082,SA4:,1008.3609414100647,243,Status.UNKNOWN,-5.770634651184082,SA5:,1003.9295418262482,241,Status.UNKNOWN,-5.770634651184082
16,0.0509803921568627,SA0:,1002.064959526062,219,Status.UNKNOWN,-7.699294090270996,SA1:,1008.3098993301392,219,Status.UNKNOWN,-7.699294090270996,SA2:,1002.7690770626068,217,Status.UNKNOWN,-7.699294090270996,SA3:,1002.1837713718414,219,Status.UNKNOWN,-7.699294090270996,SA4:,1005.3002624511719,219,Status.UNKNOWN,-7.699294090270996,SA5:,1005.677864074707,219,Status.UNKNOWN,-7.699294090270996
16,0.0549019607843137,SA0:,1004.2912549972534,199,Status.UNKNOWN,-9.695552825927734,SA1:,1001.3828196525574,201,Status.UNKNOWN,-9.695552825927734,SA2:,1009.4383044242859,203,Status.UNKNOWN,-9.695552825927734,SA3:,1012.1965799331665,201,Status.UNKNOWN,-9.695552825927734,SA4:,1002.9972984790802,201,Status.UNKNOWN,-9.695552825927734,SA5:,1007.6499376296997,201,Status.UNKNOWN,-9.695552825927734
16,0.0588235294117647,SA0:,1002.9135777950287,175,Status.UNKNOWN,-11.751818656921387,SA1:,1004.657800912857,173,Status.UNKNOWN,-11.751818656921387,SA2:,1008.550484418869,175,Status.UNKNOWN,-11.751818656921387,SA3:,1008.2072687149048,175,Status.UNKNOWN,-11.751818656921387,SA4:,1001.935962677002,173,Status.UNKNOWN,-11.751818656921387,SA5:,1005.9837119579315,175,Status.UNKNOWN,-11.751818656921387
16,0.0627450980392156,SA0:,1005.2515597343445,153,Status.UNKNOWN,-13.972827911376953,SA1:,1009.5298109054565,155,Status.UNKNOWN,-13.972827911376953,SA2:,1002.2193694114685,153,Status.UNKNOWN,-13.972827911376953,SA3:,1007.691412448883,153,Status.UNKNOWN,-13.972827911376953,SA4:,1003.8707716464996,155,Status.UNKNOWN,-13.972827911376953,SA5:,1012.8001410961151,155,Status.UNKNOWN,-13.972827911376953
18,0.0274509803921568,SA0:,1000.7798669338226,865,Status.UNKNOWN,-0.655846118927002,SA1:,1001.1182391643524,867,Status.UNKNOWN,-0.655846118927002,SA2:,1002.7475979328156,871,Status.UNKNOWN,-0.655846118927002,SA3:,1001.5503168106079,869,Status.UNKNOWN,-0.655846118927002,SA4:,1001.8186490535736,887,Status.UNKNOWN,-0.655846118927002,SA5:,1000.9415681362152,909,Status.UNKNOWN,-0.655846118927002
18,0.0313725490196078,SA0:,1000.898668050766,799,Status.UNKNOWN,-1.504948377609253,SA1:,1001.4301817417145,791,Status.UNKNOWN,-1.504948377609253,SA2:,1001.066787481308,785,Status.UNKNOWN,-1.504948377609253,SA3:,1000.8565104007721,787,Status.UNKNOWN,-1.504948377609253,SA4:,1001.5782430171967,755,Status.UNKNOWN,-1.504948377609253,SA5:,1001.779326915741,749,Status.UNKNOWN,-1.504948377609253
18,0.0352941176470588,SA0:,1002.29514336586,691,Status.UNKNOWN,-2.5159454345703125,SA1:,1001.1077034473419,701,Status.UNKNOWN,-2.5159454345703125,SA2:,1001.7118546962738,703,Status.UNKNOWN,-2.5159454345703125,SA3:,1001.2691848278046,697,Status.UNKNOWN,-2.5159454345703125,SA4:,1001.546716928482,701,Status.UNKNOWN,-2.5159454345703125,SA5:,1000.7924506664276,693,Status.UNKNOWN,-2.5159454345703125
18,0.0392156862745098,SA0:,1002.4541969299316,481,Status.UNKNOWN,-3.630765199661255,SA1:,1003.8885977268219,469,Status.UNKNOWN,-3.630765199661255,SA2:,1001.0710253715515,467,Status.UNKNOWN,-3.630765199661255,SA3:,1004.8246195316315,475,Status.UNKNOWN,-3.630765199661255,SA4:,1003.3682742118835,493,Status.UNKNOWN,-3.630765199661255,SA5:,1004.3702263832092,491,Status.UNKNOWN,-3.630765199661255
19,0.0117647058823529,SA0:,1000.7584853172302,1207,Status.UNKNOWN,-0.15412509441375732,SA1:,1000.6262083053589,1213,Status.UNKNOWN,-0.15412509441375732,SA2:,1000.6236510276794,1207,Status.UNKNOWN,-0.15412509441375732,SA3:,1000.6193997859955,1197,Status.UNKNOWN,-0.15412509441375732,SA4:,1000.6303558349609,1201,Status.UNKNOWN,-0.15412509441375732,SA5:,1000.6629383563995,1213,Status.UNKNOWN,-0.15412509441375732
20,0.0156862745098039,SA0:,1002.3340032100677,1181,Status.UNKNOWN,-0.3964800536632538,SA1:,1002.3413650989532,1179,Status.UNKNOWN,-0.3964800536632538,SA2:,1001.5915381908417,1181,Status.UNKNOWN,-0.3964800536632538,SA3:,1001.8227090835571,1215,Status.UNKNOWN,-0.3964800536632538,SA4:,1001.5426857471466,1225,Status.UNKNOWN,-0.3964800536632538,SA5:,1001.4878876209259,1203,Status.UNKNOWN,-0.3964800536632538
21,0.0274509803921568,SA0:,5.372112035751343,7,Status.VERIFIED,-0.04443518444895744,SA1:,5.317581653594971,7,Status.VERIFIED,-0.04443518444895744,SA2:,5.1141252517700195,7,Status.VERIFIED,-0.04443518444895744,SA3:,5.457314491271973,7,Status.VERIFIED,-0.04443518444895744,SA4:,5.033081531524658,7,Status.VERIFIED,-0.04443518444895744,SA5:,5.200213432312012,7,Status.VERIFIED,-0.04443518444895744
21,0.0313725490196078,SA0:,1000.8347551822662,1275,Status.UNKNOWN,-0.40670284628868103,SA1:,1000.7145659923553,1267,Status.UNKNOWN,-0.40670284628868103,SA2:,1000.6679677963257,1279,Status.UNKNOWN,-0.40670284628868103,SA3:,1000.7077474594116,1275,Status.UNKNOWN,-0.40670284628868103,SA4:,1000.6925673484802,1285,Status.UNKNOWN,-0.40670284628868103,SA5:,1000.6688449382782,1267,Status.UNKNOWN,-0.40670284628868103
21,0.0352941176470588,SA0:,1001.6880404949188,1429,Status.UNKNOWN,-0.7791675329208374,SA1:,1000.9129891395569,1425,Status.UNKNOWN,-0.7791675329208374,SA2:,1002.0164873600006,1453,Status.UNKNOWN,-0.7791675329208374,SA3:,1001.0006732940674,1463,Status.UNKNOWN,-0.7791675329208374,SA4:,1000.7493319511414,1447,Status.UNKNOWN,-0.7791675329208374,SA5:,1001.5797090530396,1459,Status.UNKNOWN,-0.7791675329208374
21,0.0392156862745098,SA0:,1001.3532931804657,1417,Status.UNKNOWN,-1.1570953130722046,SA1:,1001.036057472229,1427,Status.UNKNOWN,-1.1570953130722046,SA2:,1001.5897166728973,1443,Status.UNKNOWN,-1.1570953130722046,SA3:,1001.1101682186127,1437,Status.UNKNOWN,-1.1570953130722046,SA4:,1001.8239855766296,1429,Status.UNKNOWN,-1.1570953130722046,SA5:,1001.8283166885376,1429,Status.UNKNOWN,-1.1570953130722046
21,0.0431372549019607,SA0:,1002.0790870189667,1367,Status.UNKNOWN,-1.5657328367233276,SA1:,1000.7011857032776,1373,Status.UNKNOWN,-1.5657328367233276,SA2:,1001.250360250473,1363,Status.UNKNOWN,-1.5657328367233276,SA3:,1000.7401585578918,1363,Status.UNKNOWN,-1.5657328367233276,SA4:,1001.2074213027954,1359,Status.UNKNOWN,-1.5657328367233276,SA5:,1000.9187383651733,1365,Status.UNKNOWN,-1.5657328367233276
21,0.0470588235294117,SA0:,1003.2569310665131,805,Status.UNKNOWN,-2.0125913619995117,SA1:,1000.7038731575012,803,Status.UNKNOWN,-2.0125913619995117,SA2:,1002.8970637321472,809,Status.UNKNOWN,-2.0125913619995117,SA3:,1002.2241678237915,813,Status.UNKNOWN,-2.0125913619995117,SA4:,1003.114862203598,811,Status.UNKNOWN,-2.0125913619995117,SA5:,1000.8519365787506,791,Status.UNKNOWN,-2.0125913619995117
21,0.0509803921568627,SA0:,1003.092278957367,439,Status.UNKNOWN,-2.465968608856201,SA1:,1005.8224546909332,439,Status.UNKNOWN,-2.465968608856201,SA2:,1003.1484091281891,435,Status.UNKNOWN,-2.465968608856201,SA3:,1004.6541609764099,439,Status.UNKNOWN,-2.465968608856201,SA4:,1003.8346962928772,439,Status.UNKNOWN,-2.465968608856201,SA5:,1004.6701710224152,441,Status.UNKNOWN,-2.465968608856201
21,0.0549019607843137,SA0:,1004.0837905406952,339,Status.UNKNOWN,-2.9000821113586426,SA1:,1004.6422033309937,337,Status.UNKNOWN,-2.9000821113586426,SA2:,1002.6806359291077,341,Status.UNKNOWN,-2.9000821113586426,SA3:,1002.3080968856812,347,Status.UNKNOWN,-2.9000821113586426,SA4:,1003.6562292575836,331,Status.UNKNOWN,-2.9000821113586426,SA5:,1005.0217635631561,331,Status.UNKNOWN,-2.9000821113586426
29,0.0156862745098039,SA0:,4.158157825469971,5,Status.VERIFIED,-0.04757780209183693,SA1:,4.563320159912109,5,Status.VERIFIED,-0.04757780209183693,SA2:,4.2933666706085205,5,Status.VERIFIED,-0.04757780209183693,SA3:,4.1339027881622314,5,Status.VERIFIED,-0.04757780209183693,SA4:,3.9921045303344727,5,Status.VERIFIED,-0.04757780209183693,SA5:,4.231733322143555,5,Status.VERIFIED,-0.04757780209183693
29,0.0196078431372549,SA0:,1002.3673610687256,859,Status.UNKNOWN,-1.1628063917160034,SA1:,1002.4174692630768,871,Status.UNKNOWN,-1.1628063917160034,SA2:,1002.1905055046082,871,Status.UNKNOWN,-1.1628063917160034,SA3:,1002.3402345180511,871,Status.UNKNOWN,-1.1628063917160034,SA4:,1001.162504196167,881,Status.UNKNOWN,-1.1628063917160034,SA5:,1002.5748174190521,885,Status.UNKNOWN,-1.1628063917160034
29,0.0235294117647058,SA0:,1002.8907277584076,577,Status.UNKNOWN,-2.456860065460205,SA1:,1003.1812701225281,595,Status.UNKNOWN,-2.456860065460205,SA2:,1001.805807352066,597,Status.UNKNOWN,-2.456860065460205,SA3:,1001.0474965572357,599,Status.UNKNOWN,-2.456860065460205,SA4:,1001.0124154090881,583,Status.UNKNOWN,-2.456860065460205,SA5:,1002.649139881134,599,Status.UNKNOWN,-2.456860065460205
32,0.0117647058823529,SA0:,1000.6698141098022,397,Status.UNKNOWN,-0.11436273902654648,SA1:,1000.6340267658234,415,Status.UNKNOWN,-0.11436273902654648,SA2:,1000.6801426410675,419,Status.UNKNOWN,-0.11436273902654648,SA3:,1000.656658411026,381,Status.UNKNOWN,-0.11436273902654648,SA4:,1000.7816092967987,365,Status.UNKNOWN,-0.11436273902654648,SA5:,1000.6663415431976,411,Status.UNKNOWN,-0.11436273902654648
34,0.0235294117647058,SA0:,1000.6723279953003,1039,Status.UNKNOWN,-0.4322676956653595,SA1:,1000.737221956253,1041,Status.UNKNOWN,-0.4322676956653595,SA2:,1000.6449904441833,1031,Status.UNKNOWN,-0.4322676956653595,SA3:,1000.796933889389,1043,Status.UNKNOWN,-0.4322676956653595,SA4:,1000.6564409732819,1045,Status.UNKNOWN,-0.4322676956653595,SA5:,1000.7857975959778,1051,Status.UNKNOWN,-0.4322676956653595
34,0.0274509803921568,SA0:,1001.065128326416,669,Status.UNKNOWN,-1.2327089309692383,SA1:,1001.3538289070129,657,Status.UNKNOWN,-1.2327089309692383,SA2:,1001.6050267219543,655,Status.UNKNOWN,-1.2327089309692383,SA3:,1003.7349953651428,661,Status.UNKNOWN,-1.2327089309692383,SA4:,1003.3630628585815,657,Status.UNKNOWN,-1.2327089309692383,SA5:,1000.7366528511047,663,Status.UNKNOWN,-1.2327089309692383
34,0.0313725490196078,SA0:,1003.3724889755249,443,Status.UNKNOWN,-2.2093138694763184,SA1:,1002.9658844470978,445,Status.UNKNOWN,-2.2093138694763184,SA2:,1001.2036590576172,455,Status.UNKNOWN,-2.2093138694763184,SA3:,1001.7436528205872,453,Status.UNKNOWN,-2.2093138694763184,SA4:,1003.5817024707794,455,Status.UNKNOWN,-2.2093138694763184,SA5:,1004.2575163841248,453,Status.UNKNOWN,-2.2093138694763184
34,0.0352941176470588,SA0:,1001.2315917015076,341,Status.UNKNOWN,-3.3162624835968018,SA1:,1002.3257775306702,345,Status.UNKNOWN,-3.3162624835968018,SA2:,1000.6851050853729,339,Status.UNKNOWN,-3.3162624835968018,SA3:,1003.5972363948822,335,Status.UNKNOWN,-3.3162624835968018,SA4:,1006.0117244720459,333,Status.UNKNOWN,-3.3162624835968018,SA5:,1004.7832927703857,335,Status.UNKNOWN,-3.3162624835968018
37,0.0156862745098039,SA0:,1001.7888879776001,1541,Status.UNKNOWN,-0.20380473136901855,SA1:,1001.2977960109711,1545,Status.UNKNOWN,-0.20380473136901855,SA2:,1001.9337811470032,1573,Status.UNKNOWN,-0.20380473136901855,SA3:,1000.7829656600952,1607,Status.UNKNOWN,-0.20380473136901855,SA4:,1001.4339282512665,1613,Status.UNKNOWN,-0.20380473136901855,SA5:,1001.1590857505798,1609,Status.UNKNOWN,-0.20380473136901855
38,0.0196078431372549,SA0:,2.8029680252075195,3,Status.VERIFIED,0.2073061466217041,SA1:,2.6751952171325684,3,Status.VERIFIED,0.2073061466217041,SA2:,2.877406597137451,3,Status.VERIFIED,0.2073061466217041,SA3:,2.9369428157806396,3,Status.VERIFIED,0.2073061466217041,SA4:,2.7175042629241943,3,Status.VERIFIED,0.2073061466217041,SA5:,2.849947690963745,3,Status.VERIFIED,0.2073061466217041
38,0.0235294117647058,SA0:,17.61602020263672,23,Status.VERIFIED,-0.4379141926765442,SA1:,17.5230610370636,23,Status.VERIFIED,-0.4379141926765442,SA2:,17.3543758392334,23,Status.VERIFIED,-0.4379141926765442,SA3:,17.526458740234375,23,Status.VERIFIED,-0.4379141926765442,SA4:,17.587499856948853,23,Status.VERIFIED,-0.4379141926765442,SA5:,17.840311288833618,23,Status.VERIFIED,-0.4379141926765442
38,0.0274509803921568,SA0:,1001.7655549049377,715,Status.UNKNOWN,-1.2032214403152466,SA1:,1000.8948016166687,719,Status.UNKNOWN,-1.2032214403152466,SA2:,1002.0970373153687,719,Status.UNKNOWN,-1.2032214403152466,SA3:,1002.909259557724,717,Status.UNKNOWN,-1.2032214403152466,SA4:,1003.0376641750336,713,Status.UNKNOWN,-1.2032214403152466,SA5:,1000.9087252616882,713,Status.UNKNOWN,-1.2032214403152466
38,0.0313725490196078,SA0:,1000.9093058109283,309,Status.UNKNOWN,-2.3912997245788574,SA1:,1006.3509538173676,309,Status.UNKNOWN,-2.3912997245788574,SA2:,1006.4942083358765,305,Status.UNKNOWN,-2.3912997245788574,SA3:,1007.1727175712585,311,Status.UNKNOWN,-2.3912997245788574,SA4:,1002.4159822463989,313,Status.UNKNOWN,-2.3912997245788574,SA5:,1001.2981991767883,311,Status.UNKNOWN,-2.3912997245788574
39,0.0117647058823529,SA0:,1000.6514966487885,457,Status.UNKNOWN,-0.3500669598579407,SA1:,1000.7026128768921,451,Status.UNKNOWN,-0.3500669598579407,SA2:,1000.7259147167206,463,Status.UNKNOWN,-0.3500669598579407,SA3:,1000.7160542011261,467,Status.UNKNOWN,-0.3500669598579407,SA4:,1000.6979610919952,483,Status.UNKNOWN,-0.3500669598579407,SA5:,1000.6921856403351,461,Status.UNKNOWN,-0.3500669598579407
41,0.0274509803921568,SA0:,9.578738689422607,9,Status.VERIFIED,-0.10014930367469788,SA1:,9.735778331756592,9,Status.VERIFIED,-0.10014930367469788,SA2:,9.88068699836731,9,Status.VERIFIED,-0.10014930367469788,SA3:,10.092231035232544,9,Status.VERIFIED,-0.10014930367469788,SA4:,10.010130167007446,9,Status.VERIFIED,-0.10014930367469788,SA5:,9.505875825881958,9,Status.VERIFIED,-0.10014930367469788
41,0.0313725490196078,SA0:,1003.1012284755707,399,Status.UNKNOWN,-0.49522313475608826,SA1:,1003.8049666881561,397,Status.UNKNOWN,-0.49522313475608826,SA2:,1002.7073266506195,399,Status.UNKNOWN,-0.49522313475608826,SA3:,1002.807558298111,399,Status.UNKNOWN,-0.49522313475608826,SA4:,1002.2296986579895,401,Status.UNKNOWN,-0.49522313475608826,SA5:,1001.4019107818604,399,Status.UNKNOWN,-0.49522313475608826
41,0.0352941176470588,SA0:,1007.4118783473969,287,Status.UNKNOWN,-1.4789403676986694,SA1:,1002.0881686210632,287,Status.UNKNOWN,-1.4789403676986694,SA2:,1007.7240886688232,289,Status.UNKNOWN,-1.4789403676986694,SA3:,1002.2695813179016,287,Status.UNKNOWN,-1.4789403676986694,SA4:,1001.5133783817291,285,Status.UNKNOWN,-1.4789403676986694,SA5:,1006.9795753955841,289,Status.UNKNOWN,-1.4789403676986694
41,0.0392156862745098,SA0:,1003.4154319763184,253,Status.UNKNOWN,-2.8052761554718018,SA1:,1006.9405069351196,255,Status.UNKNOWN,-2.8052761554718018,SA2:,1004.8135635852814,253,Status.UNKNOWN,-2.8052761554718018,SA3:,1003.1940941810608,255,Status.UNKNOWN,-2.8052761554718018,SA4:,1003.2326335906982,253,Status.UNKNOWN,-2.8052761554718018,SA5:,1006.8796713352203,253,Status.UNKNOWN,-2.8052761554718018
41,0.0431372549019607,SA0:,1003.8530051708221,227,Status.UNKNOWN,-4.267006874084473,SA1:,1009.1600725650787,229,Status.UNKNOWN,-4.267006874084473,SA2:,1003.404360294342,227,Status.UNKNOWN,-4.267006874084473,SA3:,1009.4910974502563,227,Status.UNKNOWN,-4.267006874084473,SA4:,1003.8337249755859,227,Status.UNKNOWN,-4.267006874084473,SA5:,1003.3247804641724,227,Status.UNKNOWN,-4.267006874084473
41,0.0470588235294117,SA0:,1006.8964269161224,205,Status.UNKNOWN,-5.861013412475586,SA1:,1007.739541053772,205,Status.UNKNOWN,-5.861013412475586,SA2:,1004.1669714450836,205,Status.UNKNOWN,-5.861013412475586,SA3:,1004.1468508243561,207,Status.UNKNOWN,-5.861013412475586,SA4:,1001.5318384170532,205,Status.UNKNOWN,-5.861013412475586,SA5:,1001.8685004711151,203,Status.UNKNOWN,-5.861013412475586
43,0.0117647058823529,SA0:,1000.7554881572723,1145,Status.UNKNOWN,-0.1245194524526596,SA1:,1000.7033050060272,1137,Status.UNKNOWN,-0.1245194524526596,SA2:,1000.6511874198914,1129,Status.UNKNOWN,-0.1245194524526596,SA3:,1000.6523196697235,1123,Status.UNKNOWN,-0.1245194524526596,SA4:,1000.7014956474304,1149,Status.UNKNOWN,-0.1245194524526596,SA5:,1000.6706132888794,1097,Status.UNKNOWN,-0.1245194524526596
45,0.0274509803921568,SA0:,1000.6534333229065,151,Status.UNKNOWN,-0.6061285734176636,SA1:,1000.7243864536285,147,Status.UNKNOWN,-0.6061285734176636,SA2:,1000.646402835846,139,Status.UNKNOWN,-0.6061285734176636,SA3:,1000.7003548145294,147,Status.UNKNOWN,-0.6061285734176636,SA4:,1000.8917665481567,157,Status.UNKNOWN,-0.6061285734176636,SA5:,1000.7106461524963,149,Status.UNKNOWN,-0.6061285734176636
45,0.0313725490196078,SA0:,1002.5776588916779,543,Status.UNKNOWN,-1.8053077459335327,SA1:,1001.197084903717,543,Status.UNKNOWN,-1.8053077459335327,SA2:,1001.8406987190247,539,Status.UNKNOWN,-1.8053077459335327,SA3:,1001.1200113296509,551,Status.UNKNOWN,-1.8053077459335327,SA4:,1003.5564999580383,555,Status.UNKNOWN,-1.8053077459335327,SA5:,1004.3698837757111,553,Status.UNKNOWN,-1.8053077459335327
45,0.0352941176470588,SA0:,1003.4666972160339,435,Status.UNKNOWN,-3.1550698280334473,SA1:,1003.4999096393585,437,Status.UNKNOWN,-3.1550698280334473,SA2:,1002.6105010509491,437,Status.UNKNOWN,-3.1550698280334473,SA3:,1000.9918355941772,435,Status.UNKNOWN,-3.1550698280334473,SA4:,1004.7611780166626,437,Status.UNKNOWN,-3.1550698280334473,SA5:,1001.1782202720642,435,Status.UNKNOWN,-3.1550698280334473
45,0.0392156862745098,SA0:,1004.7489807605743,323,Status.UNKNOWN,-4.652402877807617,SA1:,1002.3305487632751,323,Status.UNKNOWN,-4.652402877807617,SA2:,1003.9493672847748,325,Status.UNKNOWN,-4.652402877807617,SA3:,1004.2700862884521,323,Status.UNKNOWN,-4.652402877807617,SA4:,1004.5733113288879,325,Status.UNKNOWN,-4.652402877807617,SA5:,1001.56201338768,321,Status.UNKNOWN,-4.652402877807617
45,0.0431372549019607,SA0:,1008.8231134414673,249,Status.UNKNOWN,-6.261859893798828,SA1:,1002.153923034668,245,Status.UNKNOWN,-6.261859893798828,SA2:,1001.0176002979279,249,Status.UNKNOWN,-6.261859893798828,SA3:,1003.5469574928284,251,Status.UNKNOWN,-6.261859893798828,SA4:,1009.2804679870605,251,Status.UNKNOWN,-6.261859893798828,SA5:,1008.0997474193573,251,Status.UNKNOWN,-6.261859893798828
50,0.0274509803921568,SA0:,1000.6830606460571,201,Status.UNKNOWN,-0.22853189706802368,SA1:,1000.8190217018127,197,Status.UNKNOWN,-0.22853189706802368,SA2:,1000.8068933486938,203,Status.UNKNOWN,-0.22853189706802368,SA3:,1000.6701745986938,201,Status.UNKNOWN,-0.22853189706802368,SA4:,1000.6938745975494,189,Status.UNKNOWN,-0.22853189706802368,SA5:,1000.6802954673767,193,Status.UNKNOWN,-0.22853189706802368
50,0.0313725490196078,SA0:,1001.0175492763519,631,Status.UNKNOWN,-0.7782116532325745,SA1:,1000.8412261009216,643,Status.UNKNOWN,-0.7782116532325745,SA2:,1003.0592658519745,645,Status.UNKNOWN,-0.7782116532325745,SA3:,1002.8553562164307,645,Status.UNKNOWN,-0.7782116532325745,SA4:,1003.3501737117767,645,Status.UNKNOWN,-0.7782116532325745,SA5:,1000.9512717723846,641,Status.UNKNOWN,-0.7782116532325745
50,0.0352941176470588,SA0:,1000.8316476345062,365,Status.UNKNOWN,-1.4703876972198486,SA1:,1006.4658064842224,369,Status.UNKNOWN,-1.4703876972198486,SA2:,1005.6762132644653,369,Status.UNKNOWN,-1.4703876972198486,SA3:,1001.4975225925446,377,Status.UNKNOWN,-1.4703876972198486,SA4:,1004.2280566692352,383,Status.UNKNOWN,-1.4703876972198486,SA5:,1003.6760683059692,379,Status.UNKNOWN,-1.4703876972198486
51,0.0117647058823529,SA0:,64.61421036720276,63,Status.VERIFIED,-0.13261891901493073,SA1:,64.6601254940033,63,Status.VERIFIED,-0.13261891901493073,SA2:,65.64070320129395,63,Status.VERIFIED,-0.13261891901493073,SA3:,64.52261304855347,63,Status.VERIFIED,-0.13261891901493073,SA4:,64.29839158058167,63,Status.VERIFIED,-0.13261891901493073,SA5:,63.76217818260193,63,Status.VERIFIED,-0.13261891901493073
51,0.0156862745098039,SA0:,1004.9258010387421,545,Status.UNKNOWN,-0.8538663983345032,SA1:,1002.3744683265686,547,Status.UNKNOWN,-0.8538663983345032,SA2:,1001.7893216609955,549,Status.UNKNOWN,-0.8538663983345032,SA3:,1001.2852189540863,549,Status.UNKNOWN,-0.8538663983345032,SA4:,1001.8462851047516,547,Status.UNKNOWN,-0.8538663983345032,SA5:,1002.225280046463,549,Status.UNKNOWN,-0.8538663983345032
54,0.0274509803921568,SA0:,1000.7569830417633,1021,Status.UNKNOWN,-0.5848298668861389,SA1:,1000.7600634098053,1039,Status.UNKNOWN,-0.5848298668861389,SA2:,1000.6693739891052,1015,Status.UNKNOWN,-0.5848298668861389,SA3:,1000.6466870307922,1037,Status.UNKNOWN,-0.5848298668861389,SA4:,1000.6460852622986,1027,Status.UNKNOWN,-0.5848298668861389,SA5:,1000.8734226226807,1039,Status.UNKNOWN,-0.5848298668861389
54,0.0313725490196078,SA0:,1003.3516645431519,747,Status.UNKNOWN,-1.73594331741333,SA1:,1002.3921732902527,753,Status.UNKNOWN,-1.73594331741333,SA2:,1001.1800310611725,751,Status.UNKNOWN,-1.73594331741333,SA3:,1001.2143204212189,761,Status.UNKNOWN,-1.73594331741333,SA4:,1001.2015964984894,755,Status.UNKNOWN,-1.73594331741333,SA5:,1002.5265011787415,757,Status.UNKNOWN,-1.73594331741333
54,0.0352941176470588,SA0:,1002.7975740432739,677,Status.UNKNOWN,-3.225090503692627,SA1:,1003.9583096504211,483,Status.UNKNOWN,-3.225090503692627,SA2:,1002.5990586280823,447,Status.UNKNOWN,-3.225090503692627,SA3:,1001.9694170951843,449,Status.UNKNOWN,-3.225090503692627,SA4:,1003.2840194702148,461,Status.UNKNOWN,-3.225090503692627,SA5:,1003.525776386261,485,Status.UNKNOWN,-3.225090503692627
54,0.0392156862745098,SA0:,1004.1918380260468,339,Status.UNKNOWN,-4.847123146057129,SA1:,1007.0364699363708,323,Status.UNKNOWN,-4.847123146057129,SA2:,1002.045426607132,331,Status.UNKNOWN,-4.847123146057129,SA3:,1005.1890921592712,325,Status.UNKNOWN,-4.847123146057129,SA4:,1001.8819947242737,333,Status.UNKNOWN,-4.847123146057129,SA5:,1002.1632924079895,329,Status.UNKNOWN,-4.847123146057129
54,0.0431372549019607,SA0:,1002.7570190429688,251,Status.UNKNOWN,-6.599106788635254,SA1:,1006.3932864665985,301,Status.UNKNOWN,-6.599106788635254,SA2:,1005.7916162014008,271,Status.UNKNOWN,-6.599106788635254,SA3:,1006.8781287670135,269,Status.UNKNOWN,-6.599106788635254,SA4:,1002.7905879020691,263,Status.UNKNOWN,-6.599106788635254,SA5:,1007.6571280956268,265,Status.UNKNOWN,-6.599106788635254
54,0.0470588235294117,SA0:,1011.3536705970764,197,Status.UNKNOWN,-8.506646156311035,SA1:,1003.2739958763123,197,Status.UNKNOWN,-8.506646156311035,SA2:,1013.7492563724518,197,Status.UNKNOWN,-8.506646156311035,SA3:,1009.5255153179169,215,Status.UNKNOWN,-8.506646156311035,SA4:,1007.6390891075134,197,Status.UNKNOWN,-8.506646156311035,SA5:,1004.6691131591797,197,Status.UNKNOWN,-8.506646156311035
55,0.0156862745098039,SA0:,1001.3754525184631,755,Status.UNKNOWN,-0.20512236654758453,SA1:,1001.2050302028656,769,Status.UNKNOWN,-0.20512236654758453,SA2:,1001.411031961441,739,Status.UNKNOWN,-0.20512236654758453,SA3:,1002.8913388252258,731,Status.UNKNOWN,-0.20512236654758453,SA4:,1001.949785232544,717,Status.UNKNOWN,-0.20512236654758453,SA5:,1000.7230434417725,731,Status.UNKNOWN,-0.20512236654758453
56,0.0196078431372549,SA0:,1000.7227957248688,183,Status.UNKNOWN,-0.1446801722049713,SA1:,166.9257571697235,185,Status.VERIFIED,-0.1446801722049713,SA2:,170.60130882263184,185,Status.VERIFIED,-0.1446801722049713,SA3:,205.7201542854309,185,Status.VERIFIED,-0.1446801722049713,SA4:,1001.0813057422638,181,Status.UNKNOWN,-0.1446801722049713,SA5:,199.83806800842285,185,Status.VERIFIED,-0.1446801722049713
60,0.0235294117647058,SA0:,21.40410876274109,15,Status.VERIFIED,-0.25412216782569885,SA1:,22.67370867729187,15,Status.VERIFIED,-0.25412216782569885,SA2:,19.809375524520874,15,Status.VERIFIED,-0.25412216782569885,SA3:,12.538236379623413,15,Status.VERIFIED,-0.25412216782569885,SA4:,11.118342161178589,15,Status.VERIFIED,-0.25412216782569885,SA5:,16.97786283493042,15,Status.VERIFIED,-0.25412216782569885
60,0.0274509803921568,SA0:,1003.1797459125519,527,Status.UNKNOWN,-1.048097014427185,SA1:,1002.448237657547,541,Status.UNKNOWN,-1.048097014427185,SA2:,1002.9302980899811,563,Status.UNKNOWN,-1.048097014427185,SA3:,1005.3433179855347,551,Status.UNKNOWN,-1.048097014427185,SA4:,1002.2573223114014,591,Status.UNKNOWN,-1.048097014427185,SA5:,1006.2167150974274,597,Status.UNKNOWN,-1.048097014427185
60,0.0313725490196078,SA0:,1003.7514474391937,377,Status.UNKNOWN,-2.0276718139648438,SA1:,1005.8437173366547,367,Status.UNKNOWN,-2.0276718139648438,SA2:,1002.8691992759705,357,Status.UNKNOWN,-2.0276718139648438,SA3:,1000.7009797096252,373,Status.UNKNOWN,-2.0276718139648438,SA4:,1000.8674259185791,437,Status.UNKNOWN,-2.0276718139648438,SA5:,1004.4737010002136,367,Status.UNKNOWN,-2.0276718139648438
60,0.0352941176470588,SA0:,1001.3417482376099,243,Status.UNKNOWN,-3.6452088356018066,SA1:,1004.524968624115,263,Status.UNKNOWN,-3.6452088356018066,SA2:,1004.3758399486542,261,Status.UNKNOWN,-3.6452088356018066,SA3:,1005.8675870895386,289,Status.UNKNOWN,-3.6452088356018066,SA4:,1004.0650463104248,255,Status.UNKNOWN,-3.6452088356018066,SA5:,1008.1775953769684,237,Status.UNKNOWN,-3.6452088356018066
62,0.0039215686274509,SA0:,8.114343404769897,3,Status.VERIFIED,0.0029273047111928463,SA1:,11.899322986602783,3,Status.VERIFIED,0.0029273047111928463,SA2:,5.735498905181885,3,Status.VERIFIED,0.0029273047111928463,SA3:,5.7760443687438965,3,Status.VERIFIED,0.0029273047111928463,SA4:,3.5950028896331787,3,Status.VERIFIED,0.0029273047111928463,SA5:,2.2867631912231445,3,Status.VERIFIED,0.0029273047111928463
64,0.0117647058823529,SA0:,213.84645533561707,113,Status.VERIFIED,-0.12767985463142395,SA1:,346.08016777038574,113,Status.VERIFIED,-0.12767985463142395,SA2:,369.3406603336334,113,Status.VERIFIED,-0.12767985463142395,SA3:,227.04330611228943,113,Status.VERIFIED,-0.12767985463142395,SA4:,201.80706119537354,113,Status.VERIFIED,-0.12767985463142395,SA5:,219.72259378433228,113,Status.VERIFIED,-0.12767985463142395
66,0.0117647058823529,SA0:,23.736207723617554,21,Status.VERIFIED,-0.08071334660053253,SA1:,15.027456045150757,21,Status.VERIFIED,-0.08071334660053253,SA2:,73.66036009788513,21,Status.VERIFIED,-0.08071334660053253,SA3:,51.12946701049805,21,Status.VERIFIED,-0.08071334660053253,SA4:,73.5692880153656,21,Status.VERIFIED,-0.08071334660053253,SA5:,49.90561890602112,21,Status.VERIFIED,-0.08071334660053253
70,0.0117647058823529,SA0:,54.59856176376343,41,Status.VERIFIED,-0.052302971482276917,SA1:,67.02512550354004,41,Status.VERIFIED,-0.052302971482276917,SA2:,58.243398666381836,41,Status.VERIFIED,-0.052302971482276917,SA3:,48.65412378311157,41,Status.VERIFIED,-0.052302971482276917,SA4:,40.095898151397705,41,Status.VERIFIED,-0.052302971482276917,SA5:,70.35570740699768,41,Status.VERIFIED,-0.052302971482276917
71,0.0196078431372549,SA0:,1000.696605682373,249,Status.UNKNOWN,-0.26089251041412354,SA1:,1001.0095596313477,255,Status.UNKNOWN,-0.26089251041412354,SA2:,1000.9232459068298,243,Status.UNKNOWN,-0.26089251041412354,SA3:,1000.8184442520142,249,Status.UNKNOWN,-0.26089251041412354,SA4:,1002.6355459690094,249,Status.UNKNOWN,-0.26089251041412354,SA5:,1001.7130663394928,253,Status.UNKNOWN,-0.26089251041412354
71,0.0235294117647058,SA0:,1004.0235991477966,215,Status.UNKNOWN,-0.9442526698112488,SA1:,1004.1005592346191,227,Status.UNKNOWN,-0.9442526698112488,SA2:,1008.6416015625,325,Status.UNKNOWN,-0.9442526698112488,SA3:,1006.0772356987,271,Status.UNKNOWN,-0.9442526698112488,SA4:,1002.4715797901154,275,Status.UNKNOWN,-0.9442526698112488,SA5:,1011.9058697223663,297,Status.UNKNOWN,-0.9442526698112488
71,0.0274509803921568,SA0:,1009.2463867664337,237,Status.UNKNOWN,-1.9080133438110352,SA1:,1004.9362342357635,237,Status.UNKNOWN,-1.9080133438110352,SA2:,1009.9632155895233,225,Status.UNKNOWN,-1.9080133438110352,SA3:,1006.8666207790375,217,Status.UNKNOWN,-1.9080133438110352,SA4:,1009.7934114933014,221,Status.UNKNOWN,-1.9080133438110352,SA5:,1008.6874997615814,233,Status.UNKNOWN,-1.9080133438110352
71,0.0313725490196078,SA0:,1001.8899345397949,199,Status.UNKNOWN,-3.3762571811676025,SA1:,1007.9328060150146,205,Status.UNKNOWN,-3.3762571811676025,SA2:,1007.8674969673157,213,Status.UNKNOWN,-3.3762571811676025,SA3:,1007.7275860309601,217,Status.UNKNOWN,-3.3762571811676025,SA4:,1001.5534307956696,195,Status.UNKNOWN,-3.3762571811676025,SA5:,1009.7584183216095,221,Status.UNKNOWN,-3.3762571811676025
72,0.0196078431372549,SA0:,7.393121242523193,5,Status.VERIFIED,-0.09441778808832169,SA1:,10.386075735092163,5,Status.VERIFIED,-0.09441778808832169,SA2:,8.147763013839722,5,Status.VERIFIED,-0.09441778808832169,SA3:,7.412492275238037,5,Status.VERIFIED,-0.09441778808832169,SA4:,8.3480966091156,5,Status.VERIFIED,-0.09441778808832169,SA5:,8.532123804092407,5,Status.VERIFIED,-0.09441778808832169
72,0.0235294117647058,SA0:,1001.0551674365997,595,Status.UNKNOWN,-0.9801617860794067,SA1:,1003.530398607254,541,Status.UNKNOWN,-0.9801617860794067,SA2:,1002.5693609714508,615,Status.UNKNOWN,-0.9801617860794067,SA3:,1003.478771686554,677,Status.UNKNOWN,-0.9801617860794067,SA4:,1001.9688353538513,747,Status.UNKNOWN,-0.9801617860794067,SA5:,1004.1353628635406,765,Status.UNKNOWN,-0.9801617860794067
72,0.0274509803921568,SA0:,1005.0310089588165,301,Status.UNKNOWN,-2.082716703414917,SA1:,1000.7573421001434,303,Status.UNKNOWN,-2.082716703414917,SA2:,1004.6537296772003,315,Status.UNKNOWN,-2.082716703414917,SA3:,1001.9304585456848,297,Status.UNKNOWN,-2.082716703414917,SA4:,1003.196389913559,299,Status.UNKNOWN,-2.082716703414917,SA5:,1003.3683888912201,275,Status.UNKNOWN,-2.082716703414917
72,0.0313725490196078,SA0:,1005.1565308570862,261,Status.UNKNOWN,-3.6093249320983887,SA1:,1004.7429947853088,299,Status.UNKNOWN,-3.6093249320983887,SA2:,1006.019593000412,299,Status.UNKNOWN,-3.6093249320983887,SA3:,1002.4095590114594,297,Status.UNKNOWN,-3.6093249320983887,SA4:,1004.7286043167114,299,Status.UNKNOWN,-3.6093249320983887,SA5:,1004.9175822734833,295,Status.UNKNOWN,-3.6093249320983887
72,0.0352941176470588,SA0:,1008.146087884903,261,Status.UNKNOWN,-5.66952657699585,SA1:,1008.083842754364,263,Status.UNKNOWN,-5.66952657699585,SA2:,1007.5776433944702,263,Status.UNKNOWN,-5.66952657699585,SA3:,1004.6924479007721,265,Status.UNKNOWN,-5.66952657699585,SA4:,1001.3260898590088,261,Status.UNKNOWN,-5.66952657699585,SA5:,1007.1004004478455,263,Status.UNKNOWN,-5.66952657699585
73,0.0235294117647058,SA0:,3.119903087615967,3,Status.VERIFIED,0.01477045938372612,SA1:,3.1173596382141113,3,Status.VERIFIED,0.01477045938372612,SA2:,2.9803411960601807,3,Status.VERIFIED,0.01477045938372612,SA3:,3.2413127422332764,3,Status.VERIFIED,0.01477045938372612,SA4:,3.1587955951690674,3,Status.VERIFIED,0.01477045938372612,SA5:,3.0897250175476074,3,Status.VERIFIED,0.01477045938372612
73,0.0274509803921568,SA0:,1001.9349293708801,583,Status.UNKNOWN,-0.772935688495636,SA1:,1001.745924949646,587,Status.UNKNOWN,-0.772935688495636,SA2:,1001.188458442688,587,Status.UNKNOWN,-0.772935688495636,SA3:,1002.1256227493286,587,Status.UNKNOWN,-0.772935688495636,SA4:,1003.7615530490875,591,Status.UNKNOWN,-0.772935688495636,SA5:,1003.2052464485168,611,Status.UNKNOWN,-0.772935688495636
73,0.0313725490196078,SA0:,1005.3245356082916,271,Status.UNKNOWN,-2.475757360458374,SA1:,1007.7219514846802,275,Status.UNKNOWN,-2.475757360458374,SA2:,1001.6950354576111,271,Status.UNKNOWN,-2.475757360458374,SA3:,1002.0280961990356,273,Status.UNKNOWN,-2.475757360458374,SA4:,1002.8243873119354,275,Status.UNKNOWN,-2.475757360458374,SA5:,1006.3369562625885,277,Status.UNKNOWN,-2.475757360458374
73,0.0352941176470588,SA0:,1008.9751505851746,243,Status.UNKNOWN,-4.664992332458496,SA1:,1003.7498066425323,241,Status.UNKNOWN,-4.664992332458496,SA2:,1002.5540454387665,241,Status.UNKNOWN,-4.664992332458496,SA3:,1003.1622500419617,241,Status.UNKNOWN,-4.664992332458496,SA4:,1008.2635860443115,239,Status.UNKNOWN,-4.664992332458496,SA5:,1006.3956890106201,239,Status.UNKNOWN,-4.664992332458496
73,0.0392156862745098,SA0:,1003.9231789112091,201,Status.UNKNOWN,-7.089103698730469,SA1:,1003.1053147315979,203,Status.UNKNOWN,-7.089103698730469,SA2:,1006.4466524124146,207,Status.UNKNOWN,-7.089103698730469,SA3:,1009.9059693813324,207,Status.UNKNOWN,-7.089103698730469,SA4:,1010.2034385204315,203,Status.UNKNOWN,-7.089103698730469,SA5:,1004.1023561954498,203,Status.UNKNOWN,-7.089103698730469
73,0.0431372549019607,SA0:,1013.2692437171936,169,Status.UNKNOWN,-9.847272872924805,SA1:,1002.0786457061768,165,Status.UNKNOWN,-9.847272872924805,SA2:,1000.9268929958344,169,Status.UNKNOWN,-9.847272872924805,SA3:,1006.8143575191498,175,Status.UNKNOWN,-9.847272872924805,SA4:,1004.5620827674866,173,Status.UNKNOWN,-9.847272872924805,SA5:,1013.1857788562775,169,Status.UNKNOWN,-9.847272872924805
73,0.0470588235294117,SA0:,1002.6206817626953,145,Status.UNKNOWN,-13.169285774230957,SA1:,1006.0072240829468,147,Status.UNKNOWN,-13.169285774230957,SA2:,1002.8187210559845,147,Status.UNKNOWN,-13.169285774230957,SA3:,1004.748663187027,145,Status.UNKNOWN,-13.169285774230957,SA4:,1012.8793208599091,147,Status.UNKNOWN,-13.169285774230957,SA5:,1011.2086210250854,149,Status.UNKNOWN,-13.169285774230957
73,0.0509803921568627,SA0:,1008.888379573822,127,Status.UNKNOWN,-16.387561798095703,SA1:,1016.2215733528137,125,Status.UNKNOWN,-16.387561798095703,SA2:,1007.4505527019501,125,Status.UNKNOWN,-16.387561798095703,SA3:,1016.6216578483582,125,Status.UNKNOWN,-16.387561798095703,SA4:,1009.0846176147461,125,Status.UNKNOWN,-16.387561798095703,SA5:,1013.6752791404724,125,Status.UNKNOWN,-16.387561798095703
73,0.0549019607843137,SA0:,1004.4810457229614,101,Status.UNKNOWN,-19.654415130615234,SA1:,1016.007372379303,101,Status.UNKNOWN,-19.654415130615234,SA2:,1020.8787615299225,101,Status.UNKNOWN,-19.654415130615234,SA3:,1001.6721549034119,99,Status.UNKNOWN,-19.654415130615234,SA4:,1010.5368559360504,99,Status.UNKNOWN,-19.654415130615234,SA5:,1005.3249871730804,101,Status.UNKNOWN,-19.654415130615234
73,0.0588235294117647,SA0:,1004.9212257862091,87,Status.UNKNOWN,-22.967687606811523,SA1:,1011.9024748802185,87,Status.UNKNOWN,-22.967687606811523,SA2:,1009.7523157596588,87,Status.UNKNOWN,-22.967687606811523,SA3:,1004.1367838382721,87,Status.UNKNOWN,-22.967687606811523,SA4:,1017.6708815097809,87,Status.UNKNOWN,-22.967687606811523,SA5:,1004.2039844989777,87,Status.UNKNOWN,-22.967687606811523
73,0.0627450980392156,SA0:,1019.1525466442108,77,Status.UNKNOWN,-26.37556266784668,SA1:,1014.5733788013458,77,Status.UNKNOWN,-26.37556266784668,SA2:,1014.4918398857117,77,Status.UNKNOWN,-26.37556266784668,SA3:,1015.9090657234192,77,Status.UNKNOWN,-26.37556266784668,SA4:,1024.8783462047577,77,Status.UNKNOWN,-26.37556266784668,SA5:,1018.9826040267944,77,Status.UNKNOWN,-26.37556266784668
76,0.0196078431372549,SA0:,9.04480767250061,11,Status.VERIFIED,-0.2080458104610443,SA1:,9.288135766983032,11,Status.VERIFIED,-0.2080458104610443,SA2:,9.643848896026611,11,Status.VERIFIED,-0.2080458104610443,SA3:,9.301478624343872,11,Status.VERIFIED,-0.2080458104610443,SA4:,8.787150144577026,11,Status.VERIFIED,-0.2080458104610443,SA5:,9.809852123260498,11,Status.VERIFIED,-0.2080458104610443
76,0.0235294117647058,SA0:,1002.3915810585022,943,Status.UNKNOWN,-0.9025434255599976,SA1:,1001.733904838562,913,Status.UNKNOWN,-0.9025434255599976,SA2:,1001.1618278026581,911,Status.UNKNOWN,-0.9025434255599976,SA3:,1001.1693847179413,951,Status.UNKNOWN,-0.9025434255599976,SA4:,1002.260552406311,937,Status.UNKNOWN,-0.9025434255599976,SA5:,1001.0906908512115,909,Status.UNKNOWN,-0.9025434255599976
76,0.0274509803921568,SA0:,1003.7421066761017,357,Status.UNKNOWN,-2.1815993785858154,SA1:,1002.4437181949615,357,Status.UNKNOWN,-2.1815993785858154,SA2:,1004.9699442386627,361,Status.UNKNOWN,-2.1815993785858154,SA3:,1004.9160010814667,359,Status.UNKNOWN,-2.1815993785858154,SA4:,1004.6367259025574,363,Status.UNKNOWN,-2.1815993785858154,SA5:,1003.6287310123444,365,Status.UNKNOWN,-2.1815993785858154
77,0.0078431372549019,SA0:,7.4442219734191895,11,Status.VERIFIED,-0.00858696736395359,SA1:,7.708270788192749,11,Status.VERIFIED,-0.00858696736395359,SA2:,7.274996042251587,11,Status.VERIFIED,-0.00858696736395359,SA3:,6.964745998382568,11,Status.VERIFIED,-0.00858696736395359,SA4:,7.1375932693481445,11,Status.VERIFIED,-0.00858696736395359,SA5:,7.209436655044556,11,Status.VERIFIED,-0.00858696736395359
78,0.0156862745098039,SA0:,1000.94491147995,1111,Status.UNKNOWN,-0.15534883737564087,SA1:,1002.3980815410614,1069,Status.UNKNOWN,-0.15534883737564087,SA2:,1000.9474692344666,1109,Status.UNKNOWN,-0.15534883737564087,SA3:,1000.8971211910248,1129,Status.UNKNOWN,-0.15534883737564087,SA4:,1001.5300137996674,1095,Status.UNKNOWN,-0.15534883737564087,SA5:,1001.1042437553406,1129,Status.UNKNOWN,-0.15534883737564087
79,0.0196078431372549,SA0:,1000.6208760738373,641,Status.UNKNOWN,-0.15242420136928558,SA1:,1000.7465219497681,687,Status.UNKNOWN,-0.15242420136928558,SA2:,1000.7565386295319,651,Status.UNKNOWN,-0.15242420136928558,SA3:,1000.6356871128082,649,Status.UNKNOWN,-0.15242420136928558,SA4:,1000.617805480957,657,Status.UNKNOWN,-0.15242420136928558,SA5:,1000.6160886287689,673,Status.UNKNOWN,-0.15242420136928558
79,0.0235294117647058,SA0:,1002.097377538681,989,Status.UNKNOWN,-0.694134533405304,SA1:,1002.4103996753693,989,Status.UNKNOWN,-0.694134533405304,SA2:,1001.9862112998962,991,Status.UNKNOWN,-0.694134533405304,SA3:,1001.9905996322632,991,Status.UNKNOWN,-0.694134533405304,SA4:,1001.2063202857971,997,Status.UNKNOWN,-0.694134533405304,SA5:,1001.079886674881,997,Status.UNKNOWN,-0.694134533405304
79,0.0274509803921568,SA0:,1001.0182497501373,931,Status.UNKNOWN,-1.3486682176589966,SA1:,1000.9207653999329,931,Status.UNKNOWN,-1.3486682176589966,SA2:,1002.2852714061737,937,Status.UNKNOWN,-1.3486682176589966,SA3:,1001.5144634246826,935,Status.UNKNOWN,-1.3486682176589966,SA4:,1001.49227643013,939,Status.UNKNOWN,-1.3486682176589966,SA5:,1001.4976315498352,943,Status.UNKNOWN,-1.3486682176589966
80,0.0156862745098039,SA0:,51.90300726890564,79,Status.VERIFIED,-0.36235499382019043,SA1:,51.34361243247986,79,Status.VERIFIED,-0.36235499382019043,SA2:,51.44541668891907,79,Status.VERIFIED,-0.36235499382019043,SA3:,50.879668951034546,79,Status.VERIFIED,-0.36235499382019043,SA4:,51.19336652755737,79,Status.VERIFIED,-0.36235499382019043,SA5:,51.078070878982544,79,Status.VERIFIED,-0.36235499382019043
80,0.0196078431372549,SA0:,1001.7174124717712,1087,Status.UNKNOWN,-1.005444884300232,SA1:,1001.7720301151276,1083,Status.UNKNOWN,-1.005444884300232,SA2:,1002.4256937503815,1085,Status.UNKNOWN,-1.005444884300232,SA3:,1002.7382769584656,1093,Status.UNKNOWN,-1.005444884300232,SA4:,1002.2908675670624,1095,Status.UNKNOWN,-1.005444884300232,SA5:,1001.907511472702,1097,Status.UNKNOWN,-1.005444884300232
81,0.0274509803921568,SA0:,60.99061584472656,91,Status.VERIFIED,-0.13892245292663574,SA1:,61.6281259059906,91,Status.VERIFIED,-0.13892245292663574,SA2:,61.40658688545227,91,Status.VERIFIED,-0.13892245292663574,SA3:,61.26223945617676,91,Status.VERIFIED,-0.13892245292663574,SA4:,61.5141282081604,91,Status.VERIFIED,-0.13892245292663574,SA5:,60.78903603553772,91,Status.VERIFIED,-0.13892245292663574
81,0.0313725490196078,SA0:,1002.5135819911957,1053,Status.UNKNOWN,-0.4597892463207245,SA1:,1001.7677254676819,1047,Status.UNKNOWN,-0.4597892463207245,SA2:,1002.4425394535065,1053,Status.UNKNOWN,-0.4597892463207245,SA3:,1001.0055103302002,1049,Status.UNKNOWN,-0.4597892463207245,SA4:,1002.4847555160522,1053,Status.UNKNOWN,-0.4597892463207245,SA5:,1002.351720571518,1049,Status.UNKNOWN,-0.4597892463207245
81,0.0352941176470588,SA0:,1003.5995049476624,577,Status.UNKNOWN,-0.8879802823066711,SA1:,1002.071539402008,569,Status.UNKNOWN,-0.8879802823066711,SA2:,1003.4180681705475,573,Status.UNKNOWN,-0.8879802823066711,SA3:,1002.6005988121033,575,Status.UNKNOWN,-0.8879802823066711,SA4:,1001.9344670772552,575,Status.UNKNOWN,-0.8879802823066711,SA5:,1002.923415184021,571,Status.UNKNOWN,-0.8879802823066711
82,0.0274509803921568,SA0:,2.639303207397461,3,Status.VERIFIED,0.12242478877305984,SA1:,2.739433765411377,3,Status.VERIFIED,0.12242478877305984,SA2:,2.6926252841949463,3,Status.VERIFIED,0.12242478877305984,SA3:,2.8442726135253906,3,Status.VERIFIED,0.12242478877305984,SA4:,2.6641125679016113,3,Status.VERIFIED,0.12242478877305984,SA5:,2.8463549613952637,3,Status.VERIFIED,0.12242478877305984
82,0.0313725490196078,SA0:,1000.6578056812286,207,Status.UNKNOWN,-0.9642476439476013,SA1:,1000.6720640659332,217,Status.UNKNOWN,-0.9642476439476013,SA2:,1000.6631124019623,219,Status.UNKNOWN,-0.9642476439476013,SA3:,1000.7836871147156,203,Status.UNKNOWN,-0.9642476439476013,SA4:,1000.7921879291534,213,Status.UNKNOWN,-0.9642476439476013,SA5:,1000.8002529144287,209,Status.UNKNOWN,-0.9642476439476013
82,0.0352941176470588,SA0:,1003.9246470928192,435,Status.UNKNOWN,-2.267664909362793,SA1:,1001.6185648441315,435,Status.UNKNOWN,-2.267664909362793,SA2:,1004.61967420578,433,Status.UNKNOWN,-2.267664909362793,SA3:,1003.5102362632751,433,Status.UNKNOWN,-2.267664909362793,SA4:,1001.6323459148407,435,Status.UNKNOWN,-2.267664909362793,SA5:,1004.5370721817017,423,Status.UNKNOWN,-2.267664909362793
82,0.0392156862745098,SA0:,1001.9195721149445,323,Status.UNKNOWN,-3.744133234024048,SA1:,1000.8093225955963,329,Status.UNKNOWN,-3.744133234024048,SA2:,1005.0465450286865,325,Status.UNKNOWN,-3.744133234024048,SA3:,1005.5609972476959,323,Status.UNKNOWN,-3.744133234024048,SA4:,1004.7940037250519,321,Status.UNKNOWN,-3.744133234024048,SA5:,1002.236841917038,325,Status.UNKNOWN,-3.744133234024048
82,0.0431372549019607,SA0:,1005.3769054412842,243,Status.UNKNOWN,-5.995694160461426,SA1:,1003.2803964614868,241,Status.UNKNOWN,-5.995694160461426,SA2:,1005.9234933853149,243,Status.UNKNOWN,-5.995694160461426,SA3:,1001.8066339492798,249,Status.UNKNOWN,-5.995694160461426,SA4:,1004.9208030700684,237,Status.UNKNOWN,-5.995694160461426,SA5:,1008.5610151290894,239,Status.UNKNOWN,-5.995694160461426
82,0.0470588235294117,SA0:,1006.2826375961304,213,Status.UNKNOWN,-8.142075538635254,SA1:,1001.1209492683411,205,Status.UNKNOWN,-8.142075538635254,SA2:,1005.8759114742279,207,Status.UNKNOWN,-8.142075538635254,SA3:,1005.9699084758759,207,Status.UNKNOWN,-8.142075538635254,SA4:,1001.026951789856,207,Status.UNKNOWN,-8.142075538635254,SA5:,1006.8674838542938,209,Status.UNKNOWN,-8.142075538635254
82,0.0509803921568627,SA0:,1005.1555199623108,183,Status.UNKNOWN,-10.42253303527832,SA1:,1012.5211248397827,181,Status.UNKNOWN,-10.42253303527832,SA2:,1006.2359347343445,181,Status.UNKNOWN,-10.42253303527832,SA3:,1008.8292331695557,187,Status.UNKNOWN,-10.42253303527832,SA4:,1010.9410843849182,187,Status.UNKNOWN,-10.42253303527832,SA5:,1007.3473057746887,187,Status.UNKNOWN,-10.42253303527832
82,0.0549019607843137,SA0:,1008.7369093894958,169,Status.UNKNOWN,-13.217292785644531,SA1:,1013.3491117954254,169,Status.UNKNOWN,-13.217292785644531,SA2:,1004.6659638881683,165,Status.UNKNOWN,-13.217292785644531,SA3:,1003.5149781703949,167,Status.UNKNOWN,-13.217292785644531,SA4:,1000.784276008606,165,Status.UNKNOWN,-13.217292785644531,SA5:,1002.8598337173462,165,Status.UNKNOWN,-13.217292785644531
82,0.0588235294117647,SA0:,1008.7072505950928,147,Status.UNKNOWN,-16.306289672851562,SA1:,1004.761146068573,147,Status.UNKNOWN,-16.306289672851562,SA2:,1010.3754463195801,147,Status.UNKNOWN,-16.306289672851562,SA3:,1005.6318507194519,145,Status.UNKNOWN,-16.306289672851562,SA4:,1004.7768228054047,147,Status.UNKNOWN,-16.306289672851562,SA5:,1008.559289932251,147,Status.UNKNOWN,-16.306289672851562
82,0.0627450980392156,SA0:,1011.6243259906769,131,Status.UNKNOWN,-19.455108642578125,SA1:,1010.9492712020874,131,Status.UNKNOWN,-19.455108642578125,SA2:,1008.1808786392212,131,Status.UNKNOWN,-19.455108642578125,SA3:,1005.1230962276459,131,Status.UNKNOWN,-19.455108642578125,SA4:,1012.6235814094543,131,Status.UNKNOWN,-19.455108642578125,SA5:,1005.0722160339355,131,Status.UNKNOWN,-19.455108642578125
84,0.0274509803921568,SA0:,1002.0821766853333,735,Status.UNKNOWN,-0.26094385981559753,SA1:,1003.1984238624573,741,Status.UNKNOWN,-0.26094385981559753,SA2:,1000.849663734436,741,Status.UNKNOWN,-0.26094385981559753,SA3:,1002.3625948429108,743,Status.UNKNOWN,-0.26094385981559753,SA4:,1002.5502254962921,745,Status.UNKNOWN,-0.26094385981559753,SA5:,1003.2350840568542,745,Status.UNKNOWN,-0.26094385981559753
84,0.0313725490196078,SA0:,1005.5733327865601,383,Status.UNKNOWN,-0.8992294073104858,SA1:,1002.6725101470947,385,Status.UNKNOWN,-0.8992294073104858,SA2:,1000.8105409145355,381,Status.UNKNOWN,-0.8992294073104858,SA3:,1003.6494903564453,381,Status.UNKNOWN,-0.8992294073104858,SA4:,1003.0126011371613,381,Status.UNKNOWN,-0.8992294073104858,SA5:,1002.1290476322174,385,Status.UNKNOWN,-0.8992294073104858
84,0.0352941176470588,SA0:,1005.0227613449097,267,Status.UNKNOWN,-1.813076138496399,SA1:,1004.9674828052521,265,Status.UNKNOWN,-1.813076138496399,SA2:,1007.0330638885498,267,Status.UNKNOWN,-1.813076138496399,SA3:,1007.6963262557983,267,Status.UNKNOWN,-1.813076138496399,SA4:,1001.2122058868408,265,Status.UNKNOWN,-1.813076138496399,SA5:,1001.0608644485474,265,Status.UNKNOWN,-1.813076138496399
84,0.0392156862745098,SA0:,1004.5517199039459,219,Status.UNKNOWN,-3.8481173515319824,SA1:,1001.7155268192291,217,Status.UNKNOWN,-3.8481173515319824,SA2:,1001.8573954105377,215,Status.UNKNOWN,-3.8481173515319824,SA3:,1005.8899810314178,217,Status.UNKNOWN,-3.8481173515319824,SA4:,1003.7037324905396,219,Status.UNKNOWN,-3.8481173515319824,SA5:,1004.2189917564392,211,Status.UNKNOWN,-3.8481173515319824
84,0.0431372549019607,SA0:,1012.0028929710388,189,Status.UNKNOWN,-6.14735746383667,SA1:,1009.5280606746674,189,Status.UNKNOWN,-6.14735746383667,SA2:,1006.9562933444977,191,Status.UNKNOWN,-6.14735746383667,SA3:,1010.1586046218872,193,Status.UNKNOWN,-6.14735746383667,SA4:,1010.6188278198242,189,Status.UNKNOWN,-6.14735746383667,SA5:,1009.8399124145508,189,Status.UNKNOWN,-6.14735746383667
88,0.0078431372549019,SA0:,1001.7978348731995,1305,Status.UNKNOWN,-0.13791057467460632,SA1:,1001.3561625480652,1303,Status.UNKNOWN,-0.13791057467460632,SA2:,1001.2742223739624,1303,Status.UNKNOWN,-0.13791057467460632,SA3:,1001.5681991577148,1311,Status.UNKNOWN,-0.13791057467460632,SA4:,1001.3543121814728,1295,Status.UNKNOWN,-0.13791057467460632,SA5:,1001.5103814601898,1271,Status.UNKNOWN,-0.13791057467460632
89,0.0156862745098039,SA0:,1001.7877814769745,1183,Status.UNKNOWN,-0.2702937424182892,SA1:,1001.4694848060608,1191,Status.UNKNOWN,-0.2702937424182892,SA2:,1002.0947866439819,1195,Status.UNKNOWN,-0.2702937424182892,SA3:,1001.1320421695709,1177,Status.UNKNOWN,-0.2702937424182892,SA4:,1000.944700717926,1197,Status.UNKNOWN,-0.2702937424182892,SA5:,1001.2397854328156,1187,Status.UNKNOWN,-0.2702937424182892
89,0.0196078431372549,SA0:,1001.6123321056366,883,Status.UNKNOWN,-0.7204579710960388,SA1:,1001.3783569335938,877,Status.UNKNOWN,-0.7204579710960388,SA2:,1002.1983749866486,889,Status.UNKNOWN,-0.7204579710960388,SA3:,1001.9783775806427,893,Status.UNKNOWN,-0.7204579710960388,SA4:,1001.5135505199432,887,Status.UNKNOWN,-0.7204579710960388,SA5:,1001.5885343551636,895,Status.UNKNOWN,-0.7204579710960388
89,0.0235294117647058,SA0:,1000.944173336029,799,Status.UNKNOWN,-1.8020868301391602,SA1:,1000.9924256801605,803,Status.UNKNOWN,-1.8020868301391602,SA2:,1002.107180595398,803,Status.UNKNOWN,-1.8020868301391602,SA3:,1002.0411703586578,801,Status.UNKNOWN,-1.8020868301391602,SA4:,1002.947018623352,809,Status.UNKNOWN,-1.8020868301391602,SA5:,1001.2331676483154,799,Status.UNKNOWN,-1.8020868301391602
90,0.0156862745098039,SA0:,1000.9667224884033,1557,Status.UNKNOWN,-0.20904326438903809,SA1:,1000.8102521896362,1563,Status.UNKNOWN,-0.20904326438903809,SA2:,1001.4053430557251,1567,Status.UNKNOWN,-0.20904326438903809,SA3:,1001.4403102397919,1565,Status.UNKNOWN,-0.20904326438903809,SA4:,1001.6735646724701,1567,Status.UNKNOWN,-0.20904326438903809,SA5:,1001.4754180908203,1573,Status.UNKNOWN,-0.20904326438903809
92,0.0235294117647058,SA0:,11.65362000465393,17,Status.VERIFIED,-0.3208000957965851,SA1:,11.59948444366455,17,Status.VERIFIED,-0.3208000957965851,SA2:,11.716235399246216,17,Status.VERIFIED,-0.3208000957965851,SA3:,11.614352941513062,17,Status.VERIFIED,-0.3208000957965851,SA4:,11.701621770858765,17,Status.VERIFIED,-0.3208000957965851,SA5:,11.43815803527832,17,Status.VERIFIED,-0.3208000957965851
92,0.0274509803921568,SA0:,1001.2791318893433,1469,Status.UNKNOWN,-1.293817162513733,SA1:,1001.3512160778046,1461,Status.UNKNOWN,-1.293817162513733,SA2:,1000.7447671890259,1465,Status.UNKNOWN,-1.293817162513733,SA3:,1001.5387778282166,1475,Status.UNKNOWN,-1.293817162513733,SA4:,1001.2253060340881,1475,Status.UNKNOWN,-1.293817162513733,SA5:,1001.7790133953094,1483,Status.UNKNOWN,-1.293817162513733
92,0.0313725490196078,SA0:,1002.0928282737732,1099,Status.UNKNOWN,-2.4710500240325928,SA1:,1002.302309513092,1097,Status.UNKNOWN,-2.4710500240325928,SA2:,1001.9038565158844,1101,Status.UNKNOWN,-2.4710500240325928,SA3:,1001.8134093284607,1103,Status.UNKNOWN,-2.4710500240325928,SA4:,1001.1154019832611,1103,Status.UNKNOWN,-2.4710500240325928,SA5:,1001.3025238513947,1107,Status.UNKNOWN,-2.4710500240325928
92,0.0352941176470588,SA0:,1001.6570055484772,693,Status.UNKNOWN,-3.7672550678253174,SA1:,1000.8122406005859,693,Status.UNKNOWN,-3.7672550678253174,SA2:,1003.146799325943,693,Status.UNKNOWN,-3.7672550678253174,SA3:,1002.6696152687073,697,Status.UNKNOWN,-3.7672550678253174,SA4:,1002.9869697093964,697,Status.UNKNOWN,-3.7672550678253174,SA5:,1001.2669017314911,695,Status.UNKNOWN,-3.7672550678253174
92,0.0392156862745098,SA0:,1005.4847505092621,425,Status.UNKNOWN,-5.216450214385986,SA1:,1004.980131149292,421,Status.UNKNOWN,-5.216450214385986,SA2:,1004.3568956851959,425,Status.UNKNOWN,-5.216450214385986,SA3:,1000.6924226284027,425,Status.UNKNOWN,-5.216450214385986,SA4:,1002.6645486354828,425,Status.UNKNOWN,-5.216450214385986,SA5:,1000.9519371986389,425,Status.UNKNOWN,-5.216450214385986
92,0.0431372549019607,SA0:,589.5176379680634,206,Status.ADV_EXAMPLE,-6.876535892486572,SA1:,917.0674293041229,318,Status.ADV_EXAMPLE,-6.876535892486572,SA2:,348.53605341911316,124,Status.ADV_EXAMPLE,-6.876535892486572,SA3:,810.3226356506348,284,Status.ADV_EXAMPLE,-6.876535892486572,SA4:,843.9518451690674,296,Status.ADV_EXAMPLE,-6.876535892486572,SA5:,308.10310435295105,108,Status.ADV_EXAMPLE,-6.876535892486572
96,0.0196078431372549,SA0:,1000.6630055904388,219,Status.UNKNOWN,-0.664104700088501,SA1:,1000.6582479476929,217,Status.UNKNOWN,-0.664104700088501,SA2:,1000.6605350971222,199,Status.UNKNOWN,-0.664104700088501,SA3:,1000.6617631912231,201,Status.UNKNOWN,-0.664104700088501,SA4:,1000.6488018035889,213,Status.UNKNOWN,-0.664104700088501,SA5:,1000.6474106311798,215,Status.UNKNOWN,-0.664104700088501
96,0.0235294117647058,SA0:,1002.8230364322662,441,Status.UNKNOWN,-2.0296268463134766,SA1:,1002.5370137691498,441,Status.UNKNOWN,-2.0296268463134766,SA2:,1003.6270613670349,441,Status.UNKNOWN,-2.0296268463134766,SA3:,1003.4977695941925,439,Status.UNKNOWN,-2.0296268463134766,SA4:,1004.2317972183228,443,Status.UNKNOWN,-2.0296268463134766,SA5:,1002.6834862232208,441,Status.UNKNOWN,-2.0296268463134766
96,0.0274509803921568,SA0:,1000.8712553977966,287,Status.UNKNOWN,-3.5665009021759033,SA1:,1005.2524209022522,289,Status.UNKNOWN,-3.5665009021759033,SA2:,1004.0438525676727,287,Status.UNKNOWN,-3.5665009021759033,SA3:,1006.1044449806213,289,Status.UNKNOWN,-3.5665009021759033,SA4:,1003.043363571167,287,Status.UNKNOWN,-3.5665009021759033,SA5:,1000.815756559372,287,Status.UNKNOWN,-3.5665009021759033
96,0.0313725490196078,SA0:,1003.9932301044464,249,Status.UNKNOWN,-5.330554485321045,SA1:,1007.7673079967499,249,Status.UNKNOWN,-5.330554485321045,SA2:,1006.778083562851,247,Status.UNKNOWN,-5.330554485321045,SA3:,1001.7246172428131,247,Status.UNKNOWN,-5.330554485321045,SA4:,1008.0927360057831,249,Status.UNKNOWN,-5.330554485321045,SA5:,1008.648960351944,249,Status.UNKNOWN,-5.330554485321045
96,0.0352941176470588,SA0:,1006.4629693031311,223,Status.UNKNOWN,-7.506685733795166,SA1:,1005.7975499629974,223,Status.UNKNOWN,-7.506685733795166,SA2:,1003.0736520290375,225,Status.UNKNOWN,-7.506685733795166,SA3:,1002.0897126197815,223,Status.UNKNOWN,-7.506685733795166,SA4:,1007.5007691383362,225,Status.UNKNOWN,-7.506685733795166,SA5:,1007.998165845871,223,Status.UNKNOWN,-7.506685733795166
98,0.0392156862745098,SA0:,5.40934419631958,7,Status.VERIFIED,-0.04186563566327095,SA1:,5.252225399017334,7,Status.VERIFIED,-0.04186563566327095,SA2:,5.459936618804932,7,Status.VERIFIED,-0.04186563566327095,SA3:,5.387129545211792,7,Status.VERIFIED,-0.04186563566327095,SA4:,5.241788387298584,7,Status.VERIFIED,-0.04186563566327095,SA5:,5.583010673522949,7,Status.VERIFIED,-0.04186563566327095
98,0.0431372549019607,SA0:,71.71314835548401,103,Status.VERIFIED,-0.26294979453086853,SA1:,72.99456357955933,103,Status.VERIFIED,-0.26294979453086853,SA2:,72.2087333202362,103,Status.VERIFIED,-0.26294979453086853,SA3:,72.14094853401184,103,Status.VERIFIED,-0.26294979453086853,SA4:,73.10501408576965,103,Status.VERIFIED,-0.26294979453086853,SA5:,72.22156929969788,103,Status.VERIFIED,-0.26294979453086853
98,0.0470588235294117,SA0:,1002.2527878284454,1125,Status.UNKNOWN,-0.4998425841331482,SA1:,1001.8450438976288,1125,Status.UNKNOWN,-0.4998425841331482,SA2:,1001.8236773014069,1125,Status.UNKNOWN,-0.4998425841331482,SA3:,1001.6178505420685,1127,Status.UNKNOWN,-0.4998425841331482,SA4:,1002.1692497730255,1133,Status.UNKNOWN,-0.4998425841331482,SA5:,1002.2195203304291,1127,Status.UNKNOWN,-0.4998425841331482
98,0.0509803921568627,SA0:,1001.5109293460846,871,Status.UNKNOWN,-0.7574468851089478,SA1:,1002.4695861339569,871,Status.UNKNOWN,-0.7574468851089478,SA2:,1000.8736891746521,869,Status.UNKNOWN,-0.7574468851089478,SA3:,1001.9744558334351,871,Status.UNKNOWN,-0.7574468851089478,SA4:,1002.9073452949524,869,Status.UNKNOWN,-0.7574468851089478,SA5:,1001.39812707901,873,Status.UNKNOWN,-0.7574468851089478
98,0.0549019607843137,SA0:,1001.7607998847961,695,Status.UNKNOWN,-1.0584901571273804,SA1:,1002.0850005149841,693,Status.UNKNOWN,-1.0584901571273804,SA2:,1001.2553019523621,695,Status.UNKNOWN,-1.0584901571273804,SA3:,1002.1172294616699,697,Status.UNKNOWN,-1.0584901571273804,SA4:,1003.0225703716278,695,Status.UNKNOWN,-1.0584901571273804,SA5:,1001.2668936252594,695,Status.UNKNOWN,-1.0584901571273804
