2,0.0156862745098039,SA0:,1007.3907005786896,337,Status.UNKNOWN,-0.2406545877456665,SA1:,1006.0481722354889,329,Status.UNKNOWN,-0.2406545877456665,SA2:,1002.3208277225494,329,Status.UNKNOWN,-0.2406545877456665,SA3:,1004.3317000865936,329,Status.UNKNOWN,-0.2406545877456665,SA4:,1002.5267601013184,317,Status.UNKNOWN,-0.2406545877456665,SA5:,1002.7190134525299,311,Status.UNKNOWN,-0.2406545877456665
4,0.0196078431372549,SA0:,13.503242015838623,3,Status.VERIFIED,0.04065082222223282,SA1:,13.323723554611206,3,Status.VERIFIED,0.04065082222223282,SA2:,13.246890783309937,3,Status.VERIFIED,0.04065082222223282,SA3:,13.263822317123413,3,Status.VERIFIED,0.04065082222223282,SA4:,13.448818922042847,3,Status.VERIFIED,0.04065082222223282,SA5:,13.526748895645142,3,Status.VERIFIED,0.04065082222223282
4,0.0235294117647058,SA0:,938.0390751361847,169,Status.VERIFIED,-0.6208167672157288,SA1:,940.0301415920258,169,Status.VERIFIED,-0.6208167672157288,SA2:,941.2944509983063,169,Status.VERIFIED,-0.6208167672157288,SA3:,936.4767458438873,169,Status.VERIFIED,-0.6208167672157288,SA4:,939.3642342090607,169,Status.VERIFIED,-0.6208167672157288,SA5:,944.9447953701019,169,Status.VERIFIED,-0.6208167672157288
4,0.0274509803921568,SA0:,1023.356018781662,75,Status.UNKNOWN,-1.3629679679870605,SA1:,1014.0178918838501,75,Status.UNKNOWN,-1.3629679679870605,SA2:,1016.7982134819031,75,Status.UNKNOWN,-1.3629679679870605,SA3:,1034.3300700187683,77,Status.UNKNOWN,-1.3629679679870605,SA4:,1006.7139103412628,75,Status.UNKNOWN,-1.3629679679870605,SA5:,1021.2241787910461,75,Status.UNKNOWN,-1.3629679679870605
4,0.0313725490196078,SA0:,1036.9143767356873,47,Status.UNKNOWN,-2.4323766231536865,SA1:,1043.0977053642273,47,Status.UNKNOWN,-2.4323766231536865,SA2:,1031.048849105835,47,Status.UNKNOWN,-2.4323766231536865,SA3:,1048.708634853363,47,Status.UNKNOWN,-2.4323766231536865,SA4:,1010.6023373603821,47,Status.UNKNOWN,-2.4323766231536865,SA5:,1010.6733975410461,47,Status.UNKNOWN,-2.4323766231536865
4,0.0352941176470588,SA0:,1051.524540901184,35,Status.UNKNOWN,-3.8975155353546143,SA1:,1036.0884959697723,35,Status.UNKNOWN,-3.8975155353546143,SA2:,1045.165297985077,35,Status.UNKNOWN,-3.8975155353546143,SA3:,1031.3836965560913,35,Status.UNKNOWN,-3.8975155353546143,SA4:,1018.1405630111694,35,Status.UNKNOWN,-3.8975155353546143,SA5:,1049.6197140216827,35,Status.UNKNOWN,-3.8975155353546143
4,0.0392156862745098,SA0:,1074.4790434837341,33,Status.UNKNOWN,-6.185286998748779,SA1:,1043.1291677951813,31,Status.UNKNOWN,-6.185286998748779,SA2:,1042.2442400455475,31,Status.UNKNOWN,-6.185286998748779,SA3:,1007.334246635437,31,Status.UNKNOWN,-6.185286998748779,SA4:,1027.9789907932281,31,Status.UNKNOWN,-6.185286998748779,SA5:,1038.978505373001,31,Status.UNKNOWN,-6.185286998748779
4,0.0431372549019607,SA0:,1029.0112507343292,25,Status.UNKNOWN,-8.777502059936523,SA1:,1067.5475590229034,27,Status.UNKNOWN,-8.777502059936523,SA2:,1066.0782449245453,27,Status.UNKNOWN,-8.777502059936523,SA3:,1073.0699622631073,27,Status.UNKNOWN,-8.777502059936523,SA4:,1080.2646601200104,27,Status.UNKNOWN,-8.777502059936523,SA5:,1071.6430718898773,27,Status.UNKNOWN,-8.777502059936523
4,0.0470588235294117,SA0:,1064.9205317497253,23,Status.UNKNOWN,-11.578550338745117,SA1:,1044.3461482524872,23,Status.UNKNOWN,-11.578550338745117,SA2:,1059.0005240440369,23,Status.UNKNOWN,-11.578550338745117,SA3:,1057.0121870040894,23,Status.UNKNOWN,-11.578550338745117,SA4:,1067.386731147766,23,Status.UNKNOWN,-11.578550338745117,SA5:,1062.818610906601,23,Status.UNKNOWN,-11.578550338745117
5,0.0156862745098039,SA0:,43.63392233848572,17,Status.VERIFIED,-0.07331519573926926,SA1:,43.03490114212036,17,Status.VERIFIED,-0.07331519573926926,SA2:,42.97258949279785,17,Status.VERIFIED,-0.07331519573926926,SA3:,44.05182862281799,17,Status.VERIFIED,-0.07331519573926926,SA4:,42.427945375442505,17,Status.VERIFIED,-0.07331519573926926,SA5:,40.40320944786072,17,Status.VERIFIED,-0.07331519573926926
5,0.0196078431372549,SA0:,1007.7649977207184,201,Status.UNKNOWN,-0.43370091915130615,SA1:,1006.485552072525,207,Status.UNKNOWN,-0.43370091915130615,SA2:,1007.6968395709991,205,Status.UNKNOWN,-0.43370091915130615,SA3:,1001.9452068805695,207,Status.UNKNOWN,-0.43370091915130615,SA4:,1004.1250903606415,201,Status.UNKNOWN,-0.43370091915130615,SA5:,1004.4861648082733,203,Status.UNKNOWN,-0.43370091915130615
6,0.0235294117647058,SA0:,369.5226192474365,103,Status.VERIFIED,-0.24164195358753204,SA1:,368.2021527290344,103,Status.VERIFIED,-0.24164195358753204,SA2:,349.94965982437134,103,Status.VERIFIED,-0.24164195358753204,SA3:,367.57369661331177,103,Status.VERIFIED,-0.24164195358753204,SA4:,371.7539732456207,103,Status.VERIFIED,-0.24164195358753204,SA5:,361.8587191104889,103,Status.VERIFIED,-0.24164195358753204
6,0.0274509803921568,SA0:,1002.3340349197388,195,Status.UNKNOWN,-0.9266977906227112,SA1:,1008.5815012454987,199,Status.UNKNOWN,-0.9266977906227112,SA2:,1003.6341426372528,197,Status.UNKNOWN,-0.9266977906227112,SA3:,1002.7049713134766,197,Status.UNKNOWN,-0.9266977906227112,SA4:,1006.6745932102203,197,Status.UNKNOWN,-0.9266977906227112,SA5:,1001.9266879558563,199,Status.UNKNOWN,-0.9266977906227112
6,0.0313725490196078,SA0:,1002.7308406829834,141,Status.UNKNOWN,-1.709727168083191,SA1:,1008.978444814682,141,Status.UNKNOWN,-1.709727168083191,SA2:,1012.064448595047,141,Status.UNKNOWN,-1.709727168083191,SA3:,1010.2110991477966,141,Status.UNKNOWN,-1.709727168083191,SA4:,1011.3477871417999,141,Status.UNKNOWN,-1.709727168083191,SA5:,1007.8785741329193,141,Status.UNKNOWN,-1.709727168083191
9,0.0156862745098039,SA0:,14.745619058609009,7,Status.VERIFIED,-0.07669848948717117,SA1:,14.464895725250244,7,Status.VERIFIED,-0.07669848948717117,SA2:,15.022686958312988,7,Status.VERIFIED,-0.07669848948717117,SA3:,15.283435106277466,7,Status.VERIFIED,-0.07669848948717117,SA4:,15.398537397384644,7,Status.VERIFIED,-0.07669848948717117,SA5:,14.66492748260498,7,Status.VERIFIED,-0.07669848948717117
9,0.0196078431372549,SA0:,1004.7376401424408,405,Status.UNKNOWN,-0.6493051648139954,SA1:,1005.6577744483948,415,Status.UNKNOWN,-0.6493051648139954,SA2:,1002.920154094696,411,Status.UNKNOWN,-0.6493051648139954,SA3:,1001.4071867465973,411,Status.UNKNOWN,-0.6493051648139954,SA4:,1004.5518584251404,419,Status.UNKNOWN,-0.6493051648139954,SA5:,1004.9641256332397,417,Status.UNKNOWN,-0.6493051648139954
13,0.0431372549019607,SA0:,13.071686029434204,3,Status.VERIFIED,0.1699763834476471,SA1:,12.700205564498901,3,Status.VERIFIED,0.1699763834476471,SA2:,13.025751113891602,3,Status.VERIFIED,0.1699763834476471,SA3:,12.712526082992554,3,Status.VERIFIED,0.1699763834476471,SA4:,12.925825595855713,3,Status.VERIFIED,0.1699763834476471,SA5:,13.037147521972656,3,Status.VERIFIED,0.1699763834476471
13,0.0470588235294117,SA0:,293.33207154273987,53,Status.VERIFIED,-0.7774375677108765,SA1:,292.24838399887085,53,Status.VERIFIED,-0.7774375677108765,SA2:,294.10936284065247,53,Status.VERIFIED,-0.7774375677108765,SA3:,293.03504276275635,53,Status.VERIFIED,-0.7774375677108765,SA4:,292.2750189304352,53,Status.VERIFIED,-0.7774375677108765,SA5:,291.5839087963104,53,Status.VERIFIED,-0.7774375677108765
13,0.0509803921568627,SA0:,1010.2137043476105,85,Status.UNKNOWN,-1.8424906730651855,SA1:,1012.1522209644318,85,Status.UNKNOWN,-1.8424906730651855,SA2:,1017.0014035701752,87,Status.UNKNOWN,-1.8424906730651855,SA3:,1012.7793962955475,85,Status.UNKNOWN,-1.8424906730651855,SA4:,1015.951297044754,85,Status.UNKNOWN,-1.8424906730651855,SA5:,1020.6639232635498,85,Status.UNKNOWN,-1.8424906730651855
13,0.0549019607843137,SA0:,1028.547905921936,65,Status.UNKNOWN,-2.993548631668091,SA1:,1030.0847404003143,67,Status.UNKNOWN,-2.993548631668091,SA2:,1011.6905024051666,67,Status.UNKNOWN,-2.993548631668091,SA3:,1027.721134185791,65,Status.UNKNOWN,-2.993548631668091,SA4:,1025.1103584766388,65,Status.UNKNOWN,-2.993548631668091,SA5:,1013.3011350631714,67,Status.UNKNOWN,-2.993548631668091
13,0.0588235294117647,SA0:,1013.03031873703,53,Status.UNKNOWN,-4.193178176879883,SA1:,1003.5405216217041,53,Status.UNKNOWN,-4.193178176879883,SA2:,1034.9895732402802,55,Status.UNKNOWN,-4.193178176879883,SA3:,1006.86474776268,53,Status.UNKNOWN,-4.193178176879883,SA4:,1013.4415125846863,53,Status.UNKNOWN,-4.193178176879883,SA5:,1040.5991871356964,55,Status.UNKNOWN,-4.193178176879883
13,0.0627450980392156,SA0:,1030.8172199726105,51,Status.UNKNOWN,-5.41752815246582,SA1:,1024.8630802631378,49,Status.UNKNOWN,-5.41752815246582,SA2:,1004.0620665550232,49,Status.UNKNOWN,-5.41752815246582,SA3:,1015.6967890262604,49,Status.UNKNOWN,-5.41752815246582,SA4:,1009.6484785079956,49,Status.UNKNOWN,-5.41752815246582,SA5:,1035.164036989212,49,Status.UNKNOWN,-5.41752815246582
14,0.0117647058823529,SA0:,1004.9574744701385,487,Status.UNKNOWN,-0.08830400556325912,SA1:,1002.4883844852448,487,Status.UNKNOWN,-0.08830400556325912,SA2:,1003.0169017314911,487,Status.UNKNOWN,-0.08830400556325912,SA3:,1004.4791924953461,495,Status.UNKNOWN,-0.08830400556325912,SA4:,1002.5904262065887,485,Status.UNKNOWN,-0.08830400556325912,SA5:,1002.1998918056488,463,Status.UNKNOWN,-0.08830400556325912
15,0.0156862745098039,SA0:,1004.4283194541931,277,Status.UNKNOWN,-0.485184907913208,SA1:,1007.915314912796,279,Status.UNKNOWN,-0.485184907913208,SA2:,1006.3878078460693,277,Status.UNKNOWN,-0.485184907913208,SA3:,1004.6713671684265,287,Status.UNKNOWN,-0.485184907913208,SA4:,1005.2620165348053,283,Status.UNKNOWN,-0.485184907913208,SA5:,1004.5736718177795,287,Status.UNKNOWN,-0.485184907913208
16,0.0313725490196078,SA0:,14.511304378509521,5,Status.VERIFIED,-0.0004513812018558383,SA1:,14.332389116287231,5,Status.VERIFIED,-0.0004513812018558383,SA2:,14.367977380752563,5,Status.VERIFIED,-0.0004513812018558383,SA3:,14.279790163040161,5,Status.VERIFIED,-0.0004513812018558383,SA4:,14.38731598854065,5,Status.VERIFIED,-0.0004513812018558383,SA5:,14.284299373626709,5,Status.VERIFIED,-0.0004513812018558383
16,0.0352941176470588,SA0:,1009.4811782836914,151,Status.UNKNOWN,-0.6490213871002197,SA1:,1005.0344257354736,151,Status.UNKNOWN,-0.6490213871002197,SA2:,1007.2494099140167,151,Status.UNKNOWN,-0.6490213871002197,SA3:,1008.6943106651306,153,Status.UNKNOWN,-0.6490213871002197,SA4:,1013.2450928688049,155,Status.UNKNOWN,-0.6490213871002197,SA5:,1006.2659320831299,149,Status.UNKNOWN,-0.6490213871002197
16,0.0392156862745098,SA0:,1029.8655488491058,75,Status.UNKNOWN,-1.6324907541275024,SA1:,1023.1102464199066,75,Status.UNKNOWN,-1.6324907541275024,SA2:,1008.6289358139038,73,Status.UNKNOWN,-1.6324907541275024,SA3:,1006.8180086612701,73,Status.UNKNOWN,-1.6324907541275024,SA4:,1014.886236667633,75,Status.UNKNOWN,-1.6324907541275024,SA5:,1012.6834199428558,75,Status.UNKNOWN,-1.6324907541275024
16,0.0431372549019607,SA0:,1025.8832111358643,61,Status.UNKNOWN,-3.0470690727233887,SA1:,1002.8164255619049,59,Status.UNKNOWN,-3.0470690727233887,SA2:,1011.7344927787781,61,Status.UNKNOWN,-3.0470690727233887,SA3:,1033.6351170539856,61,Status.UNKNOWN,-3.0470690727233887,SA4:,1006.359977722168,57,Status.UNKNOWN,-3.0470690727233887,SA5:,1014.5148894786835,59,Status.UNKNOWN,-3.0470690727233887
16,0.0470588235294117,SA0:,1009.8883855342865,41,Status.UNKNOWN,-4.749050140380859,SA1:,1010.8848855495453,41,Status.UNKNOWN,-4.749050140380859,SA2:,1025.5332343578339,41,Status.UNKNOWN,-4.749050140380859,SA3:,1028.6557092666626,41,Status.UNKNOWN,-4.749050140380859,SA4:,1007.3900108337402,41,Status.UNKNOWN,-4.749050140380859,SA5:,1043.0277626514435,41,Status.UNKNOWN,-4.749050140380859
16,0.0509803921568627,SA0:,1004.1194019317627,35,Status.UNKNOWN,-6.669375896453857,SA1:,1006.6079542636871,35,Status.UNKNOWN,-6.669375896453857,SA2:,1024.7415606975555,35,Status.UNKNOWN,-6.669375896453857,SA3:,1032.4826991558075,35,Status.UNKNOWN,-6.669375896453857,SA4:,1031.7466442584991,35,Status.UNKNOWN,-6.669375896453857,SA5:,1011.7720177173615,35,Status.UNKNOWN,-6.669375896453857
16,0.0549019607843137,SA0:,1008.7739577293396,33,Status.UNKNOWN,-8.014537811279297,SA1:,1043.5396785736084,33,Status.UNKNOWN,-8.014537811279297,SA2:,1033.9794857501984,33,Status.UNKNOWN,-8.014537811279297,SA3:,1012.1557230949402,31,Status.UNKNOWN,-8.014537811279297,SA4:,1053.53737616539,35,Status.UNKNOWN,-8.014537811279297,SA5:,1061.6718640327454,35,Status.UNKNOWN,-8.014537811279297
16,0.0588235294117647,SA0:,1058.836020708084,29,Status.UNKNOWN,-9.826217651367188,SA1:,1012.0592861175537,27,Status.UNKNOWN,-9.826217651367188,SA2:,1003.7430663108826,27,Status.UNKNOWN,-9.826217651367188,SA3:,1035.6805312633514,29,Status.UNKNOWN,-9.826217651367188,SA4:,1033.1132018566132,29,Status.UNKNOWN,-9.826217651367188,SA5:,1051.1447315216064,29,Status.UNKNOWN,-9.826217651367188
16,0.0627450980392156,SA0:,1035.5824007987976,25,Status.UNKNOWN,-11.78133487701416,SA1:,1035.849655866623,25,Status.UNKNOWN,-11.78133487701416,SA2:,1073.4595148563385,27,Status.UNKNOWN,-11.78133487701416,SA3:,1031.9665398597717,25,Status.UNKNOWN,-11.78133487701416,SA4:,1080.312302827835,27,Status.UNKNOWN,-11.78133487701416,SA5:,1048.9179379940033,25,Status.UNKNOWN,-11.78133487701416
18,0.0313725490196078,SA0:,121.32253384590149,59,Status.VERIFIED,-0.21210190653800964,SA1:,120.50349164009094,59,Status.VERIFIED,-0.21210190653800964,SA2:,120.45235323905945,59,Status.VERIFIED,-0.21210190653800964,SA3:,119.18113446235657,59,Status.VERIFIED,-0.21210190653800964,SA4:,120.210440158844,59,Status.VERIFIED,-0.21210190653800964,SA5:,122.24301743507385,59,Status.VERIFIED,-0.21210190653800964
18,0.0352941176470588,SA0:,1001.467928647995,265,Status.UNKNOWN,-0.7529630064964294,SA1:,1004.1875882148743,265,Status.UNKNOWN,-0.7529630064964294,SA2:,1005.0027425289154,267,Status.UNKNOWN,-0.7529630064964294,SA3:,1004.9226746559143,269,Status.UNKNOWN,-0.7529630064964294,SA4:,1006.4833002090454,267,Status.UNKNOWN,-0.7529630064964294,SA5:,1008.1999969482422,265,Status.UNKNOWN,-0.7529630064964294
18,0.0392156862745098,SA0:,1010.7686066627502,181,Status.UNKNOWN,-1.3701269626617432,SA1:,1007.2792081832886,181,Status.UNKNOWN,-1.3701269626617432,SA2:,1006.2144844532013,181,Status.UNKNOWN,-1.3701269626617432,SA3:,1006.8358662128448,181,Status.UNKNOWN,-1.3701269626617432,SA4:,1008.699887752533,181,Status.UNKNOWN,-1.3701269626617432,SA5:,1003.8871545791626,181,Status.UNKNOWN,-1.3701269626617432
18,0.0431372549019607,SA0:,1011.2257015705109,127,Status.UNKNOWN,-2.0948493480682373,SA1:,1017.0476293563843,129,Status.UNKNOWN,-2.0948493480682373,SA2:,1008.2316696643829,129,Status.UNKNOWN,-2.0948493480682373,SA3:,1009.0298974514008,127,Status.UNKNOWN,-2.0948493480682373,SA4:,1012.074923992157,127,Status.UNKNOWN,-2.0948493480682373,SA5:,1017.4283130168915,127,Status.UNKNOWN,-2.0948493480682373
18,0.0470588235294117,SA0:,1009.2879784107208,95,Status.UNKNOWN,-2.9711999893188477,SA1:,1018.3148217201233,97,Status.UNKNOWN,-2.9711999893188477,SA2:,1023.3060736656189,97,Status.UNKNOWN,-2.9711999893188477,SA3:,1012.5794413089752,97,Status.UNKNOWN,-2.9711999893188477,SA4:,1018.1701958179474,95,Status.UNKNOWN,-2.9711999893188477,SA5:,1021.758326292038,97,Status.UNKNOWN,-2.9711999893188477
18,0.0509803921568627,SA0:,1029.5137569904327,73,Status.UNKNOWN,-3.9533286094665527,SA1:,1019.033371925354,71,Status.UNKNOWN,-3.9533286094665527,SA2:,1027.2175331115723,73,Status.UNKNOWN,-3.9533286094665527,SA3:,1001.6328041553497,71,Status.UNKNOWN,-3.9533286094665527,SA4:,1018.0704834461212,73,Status.UNKNOWN,-3.9533286094665527,SA5:,1004.8533718585968,71,Status.UNKNOWN,-3.9533286094665527
18,0.0549019607843137,SA0:,787.0294079780579,45,Status.ADV_EXAMPLE,-5.097963333129883,SA1:,1039.7185430526733,57,Status.UNKNOWN,-5.097963333129883,SA2:,1023.3823826313019,57,Status.UNKNOWN,-5.097963333129883,SA3:,1005.4620332717896,57,Status.UNKNOWN,-5.097963333129883,SA4:,740.1984751224518,41,Status.ADV_EXAMPLE,-5.097963333129883,SA5:,1040.2018294334412,55,Status.UNKNOWN,-5.097963333129883
20,0.0235294117647058,SA0:,1006.8028326034546,281,Status.UNKNOWN,-0.28658798336982727,SA1:,1003.9378008842468,285,Status.UNKNOWN,-0.28658798336982727,SA2:,1006.0137009620667,279,Status.UNKNOWN,-0.28658798336982727,SA3:,1007.6497712135315,283,Status.UNKNOWN,-0.28658798336982727,SA4:,1004.2769968509674,279,Status.UNKNOWN,-0.28658798336982727,SA5:,1007.2238199710846,281,Status.UNKNOWN,-0.28658798336982727
20,0.0274509803921568,SA0:,1009.4292960166931,245,Status.UNKNOWN,-0.8610074520111084,SA1:,1002.2614455223083,251,Status.UNKNOWN,-0.8610074520111084,SA2:,1008.4722583293915,247,Status.UNKNOWN,-0.8610074520111084,SA3:,1003.369565486908,253,Status.UNKNOWN,-0.8610074520111084,SA4:,1003.2095217704773,249,Status.UNKNOWN,-0.8610074520111084,SA5:,1006.2198829650879,253,Status.UNKNOWN,-0.8610074520111084
21,0.0196078431372549,SA0:,278.6760380268097,187,Status.VERIFIED,-0.053354088217020035,SA1:,1001.3521440029144,185,Status.UNKNOWN,-0.053354088217020035,SA2:,280.00222730636597,187,Status.VERIFIED,-0.053354088217020035,SA3:,276.85931158065796,187,Status.VERIFIED,-0.053354088217020035,SA4:,276.5416007041931,187,Status.VERIFIED,-0.053354088217020035,SA5:,277.07374930381775,187,Status.VERIFIED,-0.053354088217020035
32,0.0117647058823529,SA0:,16.811533451080322,7,Status.VERIFIED,-0.01301566418260336,SA1:,16.975993156433105,7,Status.VERIFIED,-0.01301566418260336,SA2:,17.143067598342896,7,Status.VERIFIED,-0.01301566418260336,SA3:,16.832343816757202,7,Status.VERIFIED,-0.01301566418260336,SA4:,16.767857789993286,7,Status.VERIFIED,-0.01301566418260336,SA5:,17.682458877563477,7,Status.VERIFIED,-0.01301566418260336
32,0.0156862745098039,SA0:,1009.5332100391388,147,Status.UNKNOWN,-0.3828921318054199,SA1:,1007.2839858531952,145,Status.UNKNOWN,-0.3828921318054199,SA2:,1014.0873064994812,143,Status.UNKNOWN,-0.3828921318054199,SA3:,1014.4046108722687,145,Status.UNKNOWN,-0.3828921318054199,SA4:,1004.34366106987,145,Status.UNKNOWN,-0.3828921318054199,SA5:,1011.4888663291931,145,Status.UNKNOWN,-0.3828921318054199
38,0.0156862745098039,SA0:,38.545552492141724,15,Status.VERIFIED,-0.26877641677856445,SA1:,38.67369318008423,15,Status.VERIFIED,-0.26877641677856445,SA2:,38.66482663154602,15,Status.VERIFIED,-0.26877641677856445,SA3:,39.08252024650574,15,Status.VERIFIED,-0.26877641677856445,SA4:,37.86436176300049,15,Status.VERIFIED,-0.26877641677856445,SA5:,38.768227100372314,15,Status.VERIFIED,-0.26877641677856445
38,0.0196078431372549,SA0:,1003.4538893699646,327,Status.UNKNOWN,-0.7709641456604004,SA1:,1007.993626832962,323,Status.UNKNOWN,-0.7709641456604004,SA2:,1005.3408329486847,325,Status.UNKNOWN,-0.7709641456604004,SA3:,1006.5881855487823,329,Status.UNKNOWN,-0.7709641456604004,SA4:,1004.4079790115356,331,Status.UNKNOWN,-0.7709641456604004,SA5:,1005.5989751815796,329,Status.UNKNOWN,-0.7709641456604004
39,0.0156862745098039,SA0:,1006.9538133144379,161,Status.UNKNOWN,-0.29571881890296936,SA1:,1002.5071709156036,163,Status.UNKNOWN,-0.29571881890296936,SA2:,1013.9155912399292,165,Status.UNKNOWN,-0.29571881890296936,SA3:,1013.9246895313263,165,Status.UNKNOWN,-0.29571881890296936,SA4:,1003.2447803020477,165,Status.UNKNOWN,-0.29571881890296936,SA5:,1003.5482773780823,165,Status.UNKNOWN,-0.29571881890296936
41,0.0235294117647058,SA0:,10.610587358474731,5,Status.VERIFIED,-0.003141818568110466,SA1:,10.739259958267212,5,Status.VERIFIED,-0.003141818568110466,SA2:,10.968684911727905,5,Status.VERIFIED,-0.003141818568110466,SA3:,11.38758111000061,5,Status.VERIFIED,-0.003141818568110466,SA4:,10.64878225326538,5,Status.VERIFIED,-0.003141818568110466,SA5:,10.851831436157227,5,Status.VERIFIED,-0.003141818568110466
41,0.0274509803921568,SA0:,94.37192296981812,43,Status.VERIFIED,-0.26623600721359253,SA1:,93.41864252090454,43,Status.VERIFIED,-0.26623600721359253,SA2:,95.46673703193665,43,Status.VERIFIED,-0.26623600721359253,SA3:,94.97536325454712,43,Status.VERIFIED,-0.26623600721359253,SA4:,93.63842105865479,43,Status.VERIFIED,-0.26623600721359253,SA5:,92.8227219581604,43,Status.VERIFIED,-0.26623600721359253
41,0.0313725490196078,SA0:,1002.6894538402557,147,Status.UNKNOWN,-0.5709879994392395,SA1:,1010.331209897995,149,Status.UNKNOWN,-0.5709879994392395,SA2:,1016.2903819084167,149,Status.UNKNOWN,-0.5709879994392395,SA3:,1009.397931098938,149,Status.UNKNOWN,-0.5709879994392395,SA4:,1008.9868531227112,149,Status.UNKNOWN,-0.5709879994392395,SA5:,1014.5287861824036,149,Status.UNKNOWN,-0.5709879994392395
41,0.0352941176470588,SA0:,1009.471143245697,85,Status.UNKNOWN,-0.9182509183883667,SA1:,1023.7650473117828,85,Status.UNKNOWN,-0.9182509183883667,SA2:,1006.0009248256683,87,Status.UNKNOWN,-0.9182509183883667,SA3:,1010.8888547420502,87,Status.UNKNOWN,-0.9182509183883667,SA4:,1002.2449796199799,85,Status.UNKNOWN,-0.9182509183883667,SA5:,1006.0978662967682,85,Status.UNKNOWN,-0.9182509183883667
41,0.0392156862745098,SA0:,1004.8225100040436,71,Status.UNKNOWN,-1.3845378160476685,SA1:,1020.409422159195,75,Status.UNKNOWN,-1.3845378160476685,SA2:,1029.0648572444916,75,Status.UNKNOWN,-1.3845378160476685,SA3:,1002.9268045425415,73,Status.UNKNOWN,-1.3845378160476685,SA4:,1024.7404527664185,75,Status.UNKNOWN,-1.3845378160476685,SA5:,1024.5605430603027,75,Status.UNKNOWN,-1.3845378160476685
41,0.0431372549019607,SA0:,1029.9852735996246,61,Status.UNKNOWN,-1.9070967435836792,SA1:,1018.6036512851715,59,Status.UNKNOWN,-1.9070967435836792,SA2:,1020.5228610038757,59,Status.UNKNOWN,-1.9070967435836792,SA3:,1032.5421323776245,61,Status.UNKNOWN,-1.9070967435836792,SA4:,1027.9482560157776,59,Status.UNKNOWN,-1.9070967435836792,SA5:,1013.0008866786957,59,Status.UNKNOWN,-1.9070967435836792
45,0.0235294117647058,SA0:,12.570058107376099,5,Status.VERIFIED,-0.047553062438964844,SA1:,12.770616054534912,5,Status.VERIFIED,-0.047553062438964844,SA2:,12.757190704345703,5,Status.VERIFIED,-0.047553062438964844,SA3:,12.426397800445557,5,Status.VERIFIED,-0.047553062438964844,SA4:,12.564634323120117,5,Status.VERIFIED,-0.047553062438964844,SA5:,12.39703369140625,5,Status.VERIFIED,-0.047553062438964844
45,0.0274509803921568,SA0:,1004.4896864891052,151,Status.UNKNOWN,-0.6965130567550659,SA1:,1003.102947473526,155,Status.UNKNOWN,-0.6965130567550659,SA2:,1012.4686851501465,157,Status.UNKNOWN,-0.6965130567550659,SA3:,1015.0973126888275,157,Status.UNKNOWN,-0.6965130567550659,SA4:,1005.7441251277924,157,Status.UNKNOWN,-0.6965130567550659,SA5:,1002.9362144470215,155,Status.UNKNOWN,-0.6965130567550659
45,0.0313725490196078,SA0:,1001.7475576400757,129,Status.UNKNOWN,-1.6170734167099,SA1:,1001.5995798110962,125,Status.UNKNOWN,-1.6170734167099,SA2:,1001.5437297821045,127,Status.UNKNOWN,-1.6170734167099,SA3:,1003.1412799358368,129,Status.UNKNOWN,-1.6170734167099,SA4:,1005.721328496933,129,Status.UNKNOWN,-1.6170734167099,SA5:,1012.1399321556091,125,Status.UNKNOWN,-1.6170734167099
45,0.0352941176470588,SA0:,1025.1877889633179,63,Status.UNKNOWN,-2.741293430328369,SA1:,1007.5951039791107,61,Status.UNKNOWN,-2.741293430328369,SA2:,1006.7836093902588,61,Status.UNKNOWN,-2.741293430328369,SA3:,1027.2938432693481,63,Status.UNKNOWN,-2.741293430328369,SA4:,1025.409392118454,63,Status.UNKNOWN,-2.741293430328369,SA5:,1025.6830251216888,63,Status.UNKNOWN,-2.741293430328369
45,0.0392156862745098,SA0:,1012.5868549346924,47,Status.UNKNOWN,-4.047718048095703,SA1:,1004.6707744598389,47,Status.UNKNOWN,-4.047718048095703,SA2:,806.3469762802124,39,Status.ADV_EXAMPLE,-4.047718048095703,SA3:,1042.6897389888763,49,Status.UNKNOWN,-4.047718048095703,SA4:,1003.0762853622437,47,Status.UNKNOWN,-4.047718048095703,SA5:,1028.0513498783112,49,Status.UNKNOWN,-4.047718048095703
50,0.0274509803921568,SA0:,11.293681859970093,5,Status.VERIFIED,-0.12538152933120728,SA1:,11.486213207244873,5,Status.VERIFIED,-0.12538152933120728,SA2:,11.184255361557007,5,Status.VERIFIED,-0.12538152933120728,SA3:,11.341510772705078,5,Status.VERIFIED,-0.12538152933120728,SA4:,11.13766860961914,5,Status.VERIFIED,-0.12538152933120728,SA5:,11.27787446975708,5,Status.VERIFIED,-0.12538152933120728
50,0.0313725490196078,SA0:,1008.1602718830109,201,Status.UNKNOWN,-0.6279051899909973,SA1:,1002.7123575210571,201,Status.UNKNOWN,-0.6279051899909973,SA2:,1003.7775614261627,201,Status.UNKNOWN,-0.6279051899909973,SA3:,1011.3452155590057,201,Status.UNKNOWN,-0.6279051899909973,SA4:,1001.5339775085449,199,Status.UNKNOWN,-0.6279051899909973,SA5:,1010.1597630977631,197,Status.UNKNOWN,-0.6279051899909973
50,0.0352941176470588,SA0:,1016.6063342094421,139,Status.UNKNOWN,-1.218896508216858,SA1:,1011.7921335697174,137,Status.UNKNOWN,-1.218896508216858,SA2:,1013.8124539852142,139,Status.UNKNOWN,-1.218896508216858,SA3:,1002.1828563213348,137,Status.UNKNOWN,-1.218896508216858,SA4:,1004.6300513744354,137,Status.UNKNOWN,-1.218896508216858,SA5:,1017.184506893158,137,Status.UNKNOWN,-1.218896508216858
50,0.0392156862745098,SA0:,1004.2079641819,73,Status.UNKNOWN,-1.9106545448303223,SA1:,1014.0971806049347,75,Status.UNKNOWN,-1.9106545448303223,SA2:,1025.675107717514,77,Status.UNKNOWN,-1.9106545448303223,SA3:,1006.4235229492188,75,Status.UNKNOWN,-1.9106545448303223,SA4:,1004.5620839595795,75,Status.UNKNOWN,-1.9106545448303223,SA5:,1015.913792848587,75,Status.UNKNOWN,-1.9106545448303223
50,0.0431372549019607,SA0:,1012.6825647354126,59,Status.UNKNOWN,-2.7199230194091797,SA1:,1021.6509437561035,59,Status.UNKNOWN,-2.7199230194091797,SA2:,1005.4260787963867,59,Status.UNKNOWN,-2.7199230194091797,SA3:,1022.1518907546997,59,Status.UNKNOWN,-2.7199230194091797,SA4:,1017.2782468795776,59,Status.UNKNOWN,-2.7199230194091797,SA5:,1012.8836097717285,59,Status.UNKNOWN,-2.7199230194091797
50,0.0470588235294117,SA0:,1013.3546481132507,51,Status.UNKNOWN,-3.590583086013794,SA1:,1019.9500801563263,51,Status.UNKNOWN,-3.590583086013794,SA2:,1037.531198978424,51,Status.UNKNOWN,-3.590583086013794,SA3:,1030.8022167682648,51,Status.UNKNOWN,-3.590583086013794,SA4:,1009.8967175483704,49,Status.UNKNOWN,-3.590583086013794,SA5:,1011.9663128852844,49,Status.UNKNOWN,-3.590583086013794
50,0.0509803921568627,SA0:,64.84272360801697,2,Status.VERIFIED,,SA1:,64.8993706703186,2,Status.VERIFIED,,SA2:,65.18305230140686,2,Status.VERIFIED,,SA3:,65.05815148353577,2,Status.VERIFIED,,SA4:,65.17592883110046,2,Status.VERIFIED,,SA5:,65.04260635375977,2,Status.VERIFIED,
51,0.0078431372549019,SA0:,1002.4309937953949,321,Status.UNKNOWN,-0.226771742105484,SA1:,1003.6631202697754,325,Status.UNKNOWN,-0.226771742105484,SA2:,1006.680059671402,329,Status.UNKNOWN,-0.226771742105484,SA3:,1006.6056702136993,333,Status.UNKNOWN,-0.226771742105484,SA4:,1006.38694190979,339,Status.UNKNOWN,-0.226771742105484,SA5:,1002.8090553283691,339,Status.UNKNOWN,-0.226771742105484
54,0.0274509803921568,SA0:,18.145893096923828,7,Status.VERIFIED,-0.09321147203445435,SA1:,18.288527250289917,7,Status.VERIFIED,-0.09321147203445435,SA2:,18.10815739631653,7,Status.VERIFIED,-0.09321147203445435,SA3:,18.24732518196106,7,Status.VERIFIED,-0.09321147203445435,SA4:,17.94373393058777,7,Status.VERIFIED,-0.09321147203445435,SA5:,18.14139199256897,7,Status.VERIFIED,-0.09321147203445435
54,0.0313725490196078,SA0:,1003.6278965473175,177,Status.UNKNOWN,-0.9303063154220581,SA1:,1002.0381815433502,179,Status.UNKNOWN,-0.9303063154220581,SA2:,1005.847113609314,181,Status.UNKNOWN,-0.9303063154220581,SA3:,1010.6277384757996,181,Status.UNKNOWN,-0.9303063154220581,SA4:,1004.1863780021667,179,Status.UNKNOWN,-0.9303063154220581,SA5:,1010.2733299732208,175,Status.UNKNOWN,-0.9303063154220581
54,0.0352941176470588,SA0:,1013.5141582489014,151,Status.UNKNOWN,-1.9113850593566895,SA1:,1004.1166384220123,151,Status.UNKNOWN,-1.9113850593566895,SA2:,1010.078462600708,149,Status.UNKNOWN,-1.9113850593566895,SA3:,1009.7689199447632,153,Status.UNKNOWN,-1.9113850593566895,SA4:,1002.4559149742126,151,Status.UNKNOWN,-1.9113850593566895,SA5:,1007.6257700920105,151,Status.UNKNOWN,-1.9113850593566895
54,0.0392156862745098,SA0:,1003.3287551403046,119,Status.UNKNOWN,-2.988992929458618,SA1:,1016.8033149242401,121,Status.UNKNOWN,-2.988992929458618,SA2:,1009.36572265625,121,Status.UNKNOWN,-2.988992929458618,SA3:,1012.3195760250092,119,Status.UNKNOWN,-2.988992929458618,SA4:,1016.9058723449707,119,Status.UNKNOWN,-2.988992929458618,SA5:,1014.3587727546692,115,Status.UNKNOWN,-2.988992929458618
54,0.0431372549019607,SA0:,1023.2197866439819,55,Status.UNKNOWN,-4.255393028259277,SA1:,1028.1376101970673,57,Status.UNKNOWN,-4.255393028259277,SA2:,1031.6345646381378,57,Status.UNKNOWN,-4.255393028259277,SA3:,1009.0017700195312,55,Status.UNKNOWN,-4.255393028259277,SA4:,1014.738525390625,55,Status.UNKNOWN,-4.255393028259277,SA5:,1010.2006802558899,55,Status.UNKNOWN,-4.255393028259277
54,0.0470588235294117,SA0:,1054.7936005592346,35,Status.UNKNOWN,-5.6968231201171875,SA1:,1040.4660942554474,35,Status.UNKNOWN,-5.6968231201171875,SA2:,1050.244746685028,35,Status.UNKNOWN,-5.6968231201171875,SA3:,1051.032273054123,35,Status.UNKNOWN,-5.6968231201171875,SA4:,1047.2864561080933,35,Status.UNKNOWN,-5.6968231201171875,SA5:,1053.1381368637085,35,Status.UNKNOWN,-5.6968231201171875
54,0.0509803921568627,SA0:,1037.8701825141907,25,Status.UNKNOWN,-7.290428161621094,SA1:,1038.6497480869293,25,Status.UNKNOWN,-7.290428161621094,SA2:,1047.8821337223053,25,Status.UNKNOWN,-7.290428161621094,SA3:,1040.507619857788,25,Status.UNKNOWN,-7.290428161621094,SA4:,1031.328610420227,25,Status.UNKNOWN,-7.290428161621094,SA5:,1034.4049820899963,25,Status.UNKNOWN,-7.290428161621094
54,0.0549019607843137,SA0:,1037.4617331027985,23,Status.UNKNOWN,-9.007411003112793,SA1:,1060.6984589099884,23,Status.UNKNOWN,-9.007411003112793,SA2:,1062.9183475971222,23,Status.UNKNOWN,-9.007411003112793,SA3:,1050.0929498672485,23,Status.UNKNOWN,-9.007411003112793,SA4:,1029.610069990158,23,Status.UNKNOWN,-9.007411003112793,SA5:,1024.2564508914948,23,Status.UNKNOWN,-9.007411003112793
54,0.0588235294117647,SA0:,1003.6898791790009,19,Status.UNKNOWN,-10.906242370605469,SA1:,1010.0918650627136,19,Status.UNKNOWN,-10.906242370605469,SA2:,1014.2150077819824,19,Status.UNKNOWN,-10.906242370605469,SA3:,1024.8297944068909,19,Status.UNKNOWN,-10.906242370605469,SA4:,1021.4145238399506,19,Status.UNKNOWN,-10.906242370605469,SA5:,1002.058102607727,19,Status.UNKNOWN,-10.906242370605469
54,0.0627450980392156,SA0:,1023.3692321777344,17,Status.UNKNOWN,-13.585210800170898,SA1:,1035.9358205795288,17,Status.UNKNOWN,-13.585210800170898,SA2:,1024.645390510559,17,Status.UNKNOWN,-13.585210800170898,SA3:,1014.8151483535767,17,Status.UNKNOWN,-13.585210800170898,SA4:,1020.9093618392944,17,Status.UNKNOWN,-13.585210800170898,SA5:,1025.2169783115387,17,Status.UNKNOWN,-13.585210800170898
55,0.0117647058823529,SA0:,6.444894790649414,3,Status.VERIFIED,0.009833931922912598,SA1:,6.863666534423828,3,Status.VERIFIED,0.009833931922912598,SA2:,6.537080764770508,3,Status.VERIFIED,0.009833931922912598,SA3:,6.790475845336914,3,Status.VERIFIED,0.009833931922912598,SA4:,6.444630861282349,3,Status.VERIFIED,0.009833931922912598,SA5:,6.708581924438477,3,Status.VERIFIED,0.009833931922912598
55,0.0156862745098039,SA0:,1003.5323736667633,503,Status.UNKNOWN,-0.45272645354270935,SA1:,1002.442063331604,511,Status.UNKNOWN,-0.45272645354270935,SA2:,1005.9568073749542,507,Status.UNKNOWN,-0.45272645354270935,SA3:,1006.6990253925323,505,Status.UNKNOWN,-0.45272645354270935,SA4:,1002.5061981678009,501,Status.UNKNOWN,-0.45272645354270935,SA5:,1003.946925163269,511,Status.UNKNOWN,-0.45272645354270935
62,0.0039215686274509,SA0:,36.09624910354614,23,Status.VERIFIED,-0.0023717149160802364,SA1:,36.28638029098511,23,Status.VERIFIED,-0.0023717149160802364,SA2:,36.24241852760315,23,Status.VERIFIED,-0.0023717149160802364,SA3:,37.076953649520874,23,Status.VERIFIED,-0.0023717149160802364,SA4:,35.220850706100464,23,Status.VERIFIED,-0.0023717149160802364,SA5:,35.32469344139099,23,Status.VERIFIED,-0.0023717149160802364
66,0.0196078431372549,SA0:,339.1838757991791,97,Status.VERIFIED,-0.3259485960006714,SA1:,338.3123502731323,97,Status.VERIFIED,-0.3259485960006714,SA2:,337.4738383293152,97,Status.VERIFIED,-0.3259485960006714,SA3:,336.570015668869,97,Status.VERIFIED,-0.3259485960006714,SA4:,337.2678165435791,97,Status.VERIFIED,-0.3259485960006714,SA5:,333.8678023815155,97,Status.VERIFIED,-0.3259485960006714
66,0.0235294117647058,SA0:,1008.9835689067841,239,Status.UNKNOWN,-0.9094445109367371,SA1:,1004.1915771961212,241,Status.UNKNOWN,-0.9094445109367371,SA2:,1001.2942838668823,237,Status.UNKNOWN,-0.9094445109367371,SA3:,1003.2035810947418,239,Status.UNKNOWN,-0.9094445109367371,SA4:,1007.2396743297577,241,Status.UNKNOWN,-0.9094445109367371,SA5:,1005.3221316337585,241,Status.UNKNOWN,-0.9094445109367371
70,0.0156862745098039,SA0:,1003.2632541656494,225,Status.UNKNOWN,-0.3408823013305664,SA1:,1007.1694445610046,225,Status.UNKNOWN,-0.3408823013305664,SA2:,1010.2934863567352,225,Status.UNKNOWN,-0.3408823013305664,SA3:,1007.3607203960419,225,Status.UNKNOWN,-0.3408823013305664,SA4:,1006.7310738563538,225,Status.UNKNOWN,-0.3408823013305664,SA5:,1003.4939241409302,225,Status.UNKNOWN,-0.3408823013305664
72,0.0156862745098039,SA0:,1001.3259222507477,573,Status.UNKNOWN,-0.21923021972179413,SA1:,1003.2692139148712,597,Status.UNKNOWN,-0.21923021972179413,SA2:,1003.6662633419037,585,Status.UNKNOWN,-0.21923021972179413,SA3:,1003.1934351921082,575,Status.UNKNOWN,-0.21923021972179413,SA4:,1003.0898621082306,585,Status.UNKNOWN,-0.21923021972179413,SA5:,1004.0308818817139,587,Status.UNKNOWN,-0.21923021972179413
73,0.0196078431372549,SA0:,23.871793746948242,9,Status.VERIFIED,-0.07598491758108139,SA1:,23.627193689346313,9,Status.VERIFIED,-0.07598491758108139,SA2:,23.73155403137207,9,Status.VERIFIED,-0.07598491758108139,SA3:,23.546356201171875,9,Status.VERIFIED,-0.07598491758108139,SA4:,24.01598834991455,9,Status.VERIFIED,-0.07598491758108139,SA5:,23.498594045639038,9,Status.VERIFIED,-0.07598491758108139
73,0.0235294117647058,SA0:,1006.8853621482849,339,Status.UNKNOWN,-0.7981132864952087,SA1:,1005.4814760684967,339,Status.UNKNOWN,-0.7981132864952087,SA2:,1001.3706562519073,341,Status.UNKNOWN,-0.7981132864952087,SA3:,1006.58096575737,343,Status.UNKNOWN,-0.7981132864952087,SA4:,1005.7212586402893,343,Status.UNKNOWN,-0.7981132864952087,SA5:,1005.6249394416809,341,Status.UNKNOWN,-0.7981132864952087
73,0.0274509803921568,SA0:,1004.2948365211487,63,Status.UNKNOWN,-1.883477807044983,SA1:,1024.7650034427643,63,Status.UNKNOWN,-1.883477807044983,SA2:,1030.6419236660004,63,Status.UNKNOWN,-1.883477807044983,SA3:,1020.8742368221283,63,Status.UNKNOWN,-1.883477807044983,SA4:,1023.7707722187042,63,Status.UNKNOWN,-1.883477807044983,SA5:,1016.7321577072144,63,Status.UNKNOWN,-1.883477807044983
73,0.0313725490196078,SA0:,1031.5602028369904,39,Status.UNKNOWN,-2.9996988773345947,SA1:,1024.3343479633331,39,Status.UNKNOWN,-2.9996988773345947,SA2:,1034.9862551689148,39,Status.UNKNOWN,-2.9996988773345947,SA3:,1027.3781859874725,39,Status.UNKNOWN,-2.9996988773345947,SA4:,1008.5532157421112,39,Status.UNKNOWN,-2.9996988773345947,SA5:,1026.7591240406036,39,Status.UNKNOWN,-2.9996988773345947
73,0.0352941176470588,SA0:,1047.8774650096893,33,Status.UNKNOWN,-4.858203887939453,SA1:,1054.3268628120422,33,Status.UNKNOWN,-4.858203887939453,SA2:,1044.5088200569153,33,Status.UNKNOWN,-4.858203887939453,SA3:,1003.7256977558136,31,Status.UNKNOWN,-4.858203887939453,SA4:,1062.8321039676666,33,Status.UNKNOWN,-4.858203887939453,SA5:,1058.7894973754883,33,Status.UNKNOWN,-4.858203887939453
73,0.0392156862745098,SA0:,1066.9156279563904,27,Status.UNKNOWN,-7.549683094024658,SA1:,1005.197585105896,25,Status.UNKNOWN,-7.549683094024658,SA2:,1054.2157876491547,27,Status.UNKNOWN,-7.549683094024658,SA3:,1072.7323684692383,27,Status.UNKNOWN,-7.549683094024658,SA4:,1008.639776468277,25,Status.UNKNOWN,-7.549683094024658,SA5:,1069.3410241603851,27,Status.UNKNOWN,-7.549683094024658
73,0.0431372549019607,SA0:,1041.324500799179,19,Status.UNKNOWN,-10.745745658874512,SA1:,1034.8009810447693,19,Status.UNKNOWN,-10.745745658874512,SA2:,1023.27592253685,19,Status.UNKNOWN,-10.745745658874512,SA3:,1012.4634237289429,19,Status.UNKNOWN,-10.745745658874512,SA4:,1004.4144494533539,19,Status.UNKNOWN,-10.745745658874512,SA5:,1005.3243482112885,19,Status.UNKNOWN,-10.745745658874512
73,0.0470588235294117,SA0:,1070.5388731956482,13,Status.UNKNOWN,-14.017051696777344,SA1:,1089.1489901542664,13,Status.UNKNOWN,-14.017051696777344,SA2:,1101.2061879634857,15,Status.UNKNOWN,-14.017051696777344,SA3:,1003.110671043396,13,Status.UNKNOWN,-14.017051696777344,SA4:,1109.4944729804993,15,Status.UNKNOWN,-14.017051696777344,SA5:,1129.8003642559052,15,Status.UNKNOWN,-14.017051696777344
73,0.0509803921568627,SA0:,1060.768357515335,11,Status.UNKNOWN,-17.531198501586914,SA1:,1092.9458889961243,11,Status.UNKNOWN,-17.531198501586914,SA2:,1054.667474269867,11,Status.UNKNOWN,-17.531198501586914,SA3:,1018.8928668498993,11,Status.UNKNOWN,-17.531198501586914,SA4:,1020.0545618534088,11,Status.UNKNOWN,-17.531198501586914,SA5:,1009.2165434360504,11,Status.UNKNOWN,-17.531198501586914
73,0.0549019607843137,SA0:,1185.960200548172,11,Status.UNKNOWN,-21.25786590576172,SA1:,1195.3138763904572,11,Status.UNKNOWN,-21.25786590576172,SA2:,1009.5620353221893,9,Status.UNKNOWN,-21.25786590576172,SA3:,1185.7077882289886,11,Status.UNKNOWN,-21.25786590576172,SA4:,1009.3787634372711,9,Status.UNKNOWN,-21.25786590576172,SA5:,1001.8917348384857,9,Status.UNKNOWN,-21.25786590576172
73,0.0588235294117647,SA0:,1121.7416951656342,9,Status.UNKNOWN,-25.228008270263672,SA1:,1112.934775352478,9,Status.UNKNOWN,-25.228008270263672,SA2:,1035.734733581543,9,Status.ADV_EXAMPLE,-25.228008270263672,SA3:,1128.204102754593,9,Status.UNKNOWN,-25.228008270263672,SA4:,1172.1162176132202,9,Status.UNKNOWN,-25.228008270263672,SA5:,1154.9227957725525,9,Status.UNKNOWN,-25.228008270263672
76,0.0196078431372549,SA0:,13.78602647781372,3,Status.VERIFIED,0.21794393658638,SA1:,13.643989324569702,3,Status.VERIFIED,0.21794393658638,SA2:,8.54013442993164,3,Status.VERIFIED,0.21794393658638,SA3:,8.554305076599121,3,Status.VERIFIED,0.21794393658638,SA4:,8.238184690475464,3,Status.VERIFIED,0.21794393658638,SA5:,15.654468536376953,3,Status.VERIFIED,0.21794393658638
76,0.0235294117647058,SA0:,392.0219180583954,83,Status.VERIFIED,-0.6829690933227539,SA1:,362.81364369392395,83,Status.VERIFIED,-0.6829690933227539,SA2:,318.86367559432983,83,Status.VERIFIED,-0.6829690933227539,SA3:,355.4067978858948,83,Status.VERIFIED,-0.6829690933227539,SA4:,361.0112819671631,83,Status.VERIFIED,-0.6829690933227539,SA5:,410.2938480377197,83,Status.VERIFIED,-0.6829690933227539
76,0.0274509803921568,SA0:,1010.8990342617035,73,Status.UNKNOWN,-1.6579583883285522,SA1:,1007.3642964363098,83,Status.UNKNOWN,-1.6579583883285522,SA2:,1019.4096174240112,67,Status.UNKNOWN,-1.6579583883285522,SA3:,1033.7013025283813,75,Status.UNKNOWN,-1.6579583883285522,SA4:,1021.6292321681976,77,Status.UNKNOWN,-1.6579583883285522,SA5:,1023.9933588504791,79,Status.UNKNOWN,-1.6579583883285522
76,0.0313725490196078,SA0:,1015.8974058628082,49,Status.UNKNOWN,-2.7756404876708984,SA1:,1034.7115268707275,47,Status.UNKNOWN,-2.7756404876708984,SA2:,1035.8405768871307,47,Status.UNKNOWN,-2.7756404876708984,SA3:,1028.1202056407928,51,Status.UNKNOWN,-2.7756404876708984,SA4:,1010.4099872112274,49,Status.UNKNOWN,-2.7756404876708984,SA5:,1018.2099289894104,43,Status.UNKNOWN,-2.7756404876708984
76,0.0352941176470588,SA0:,1033.8559579849243,41,Status.UNKNOWN,-4.070346355438232,SA1:,1021.8856990337372,45,Status.UNKNOWN,-4.070346355438232,SA2:,1010.3352913856506,49,Status.UNKNOWN,-4.070346355438232,SA3:,1033.1910164356232,47,Status.UNKNOWN,-4.070346355438232,SA4:,1010.2075283527374,45,Status.UNKNOWN,-4.070346355438232,SA5:,1002.8564350605011,47,Status.UNKNOWN,-4.070346355438232
76,0.0392156862745098,SA0:,212.85392928123474,9,Status.ADV_EXAMPLE,-5.545634746551514,SA1:,261.5245461463928,11,Status.ADV_EXAMPLE,-5.545634746551514,SA2:,367.0254936218262,15,Status.ADV_EXAMPLE,-5.545634746551514,SA3:,286.03842759132385,13,Status.ADV_EXAMPLE,-5.545634746551514,SA4:,203.2849361896515,9,Status.ADV_EXAMPLE,-5.545634746551514,SA5:,244.37786173820496,11,Status.ADV_EXAMPLE,-5.545634746551514
78,0.0156862745098039,SA0:,173.01493406295776,57,Status.VERIFIED,-0.0336444117128849,SA1:,135.9746081829071,57,Status.VERIFIED,-0.0336444117128849,SA2:,128.80627059936523,57,Status.VERIFIED,-0.0336444117128849,SA3:,133.69880962371826,57,Status.VERIFIED,-0.0336444117128849,SA4:,131.72321915626526,57,Status.VERIFIED,-0.0336444117128849,SA5:,134.91130232810974,57,Status.VERIFIED,-0.0336444117128849
78,0.0196078431372549,SA0:,1008.2953288555145,311,Status.UNKNOWN,-0.1245192214846611,SA1:,1010.0565612316132,237,Status.UNKNOWN,-0.1245192214846611,SA2:,1003.96333527565,209,Status.UNKNOWN,-0.1245192214846611,SA3:,1015.9078233242035,217,Status.UNKNOWN,-0.1245192214846611,SA4:,1006.2468130588531,221,Status.UNKNOWN,-0.1245192214846611,SA5:,1005.6457479000092,233,Status.UNKNOWN,-0.1245192214846611
79,0.0196078431372549,SA0:,160.37889313697815,39,Status.VERIFIED,-0.13631168007850647,SA1:,193.876398563385,39,Status.VERIFIED,-0.13631168007850647,SA2:,82.4637439250946,39,Status.VERIFIED,-0.13631168007850647,SA3:,93.87113428115845,39,Status.VERIFIED,-0.13631168007850647,SA4:,76.41062521934509,39,Status.VERIFIED,-0.13631168007850647,SA5:,166.23987936973572,39,Status.VERIFIED,-0.13631168007850647
79,0.0235294117647058,SA0:,1011.1644923686981,159,Status.UNKNOWN,-0.5972069501876831,SA1:,1009.1470198631287,171,Status.UNKNOWN,-0.5972069501876831,SA2:,1020.5417335033417,155,Status.UNKNOWN,-0.5972069501876831,SA3:,1004.3352696895599,143,Status.UNKNOWN,-0.5972069501876831,SA4:,1010.8490283489227,187,Status.UNKNOWN,-0.5972069501876831,SA5:,1014.9723348617554,205,Status.UNKNOWN,-0.5972069501876831
79,0.0274509803921568,SA0:,1019.5939877033234,177,Status.UNKNOWN,-1.1405829191207886,SA1:,1011.4904296398163,187,Status.UNKNOWN,-1.1405829191207886,SA2:,1012.1786987781525,185,Status.UNKNOWN,-1.1405829191207886,SA3:,1004.445972442627,175,Status.UNKNOWN,-1.1405829191207886,SA4:,1014.2183606624603,187,Status.UNKNOWN,-1.1405829191207886,SA5:,1009.6815838813782,169,Status.UNKNOWN,-1.1405829191207886
80,0.0196078431372549,SA0:,392.8263883590698,67,Status.VERIFIED,-0.3116074502468109,SA1:,309.35407400131226,67,Status.VERIFIED,-0.3116074502468109,SA2:,345.14615511894226,67,Status.VERIFIED,-0.3116074502468109,SA3:,339.7192897796631,67,Status.VERIFIED,-0.3116074502468109,SA4:,326.9165201187134,67,Status.VERIFIED,-0.3116074502468109,SA5:,339.54867124557495,67,Status.VERIFIED,-0.3116074502468109
80,0.0235294117647058,SA0:,1014.1024107933044,123,Status.UNKNOWN,-1.0507938861846924,SA1:,1009.7726969718933,125,Status.UNKNOWN,-1.0507938861846924,SA2:,1015.5929400920868,127,Status.UNKNOWN,-1.0507938861846924,SA3:,1007.0116357803345,131,Status.UNKNOWN,-1.0507938861846924,SA4:,1017.5124549865723,135,Status.UNKNOWN,-1.0507938861846924,SA5:,1004.8156228065491,121,Status.UNKNOWN,-1.0507938861846924
80,0.0274509803921568,SA0:,1006.3292937278748,85,Status.UNKNOWN,-1.9071403741836548,SA1:,1012.3243498802185,77,Status.UNKNOWN,-1.9071403741836548,SA2:,1014.040007352829,75,Status.UNKNOWN,-1.9071403741836548,SA3:,1011.6355423927307,77,Status.UNKNOWN,-1.9071403741836548,SA4:,1019.4556651115417,87,Status.UNKNOWN,-1.9071403741836548,SA5:,1002.0473935604095,83,Status.UNKNOWN,-1.9071403741836548
80,0.0313725490196078,SA0:,1020.9050905704498,49,Status.UNKNOWN,-2.9071550369262695,SA1:,1027.947112083435,49,Status.UNKNOWN,-2.9071550369262695,SA2:,1030.3282253742218,51,Status.UNKNOWN,-2.9071550369262695,SA3:,1019.034515619278,51,Status.UNKNOWN,-2.9071550369262695,SA4:,1023.0991036891937,51,Status.UNKNOWN,-2.9071550369262695,SA5:,1033.9554772377014,49,Status.UNKNOWN,-2.9071550369262695
82,0.0156862745098039,SA0:,203.58388543128967,59,Status.VERIFIED,-0.11304439604282379,SA1:,168.26892256736755,59,Status.VERIFIED,-0.11304439604282379,SA2:,167.70461177825928,59,Status.VERIFIED,-0.11304439604282379,SA3:,167.05242156982422,59,Status.VERIFIED,-0.11304439604282379,SA4:,213.63970351219177,59,Status.VERIFIED,-0.11304439604282379,SA5:,146.50763869285583,59,Status.VERIFIED,-0.11304439604282379
83,0.0078431372549019,SA0:,1001.6931986808777,649,Status.UNKNOWN,-0.012439184822142124,SA1:,1003.9100015163422,651,Status.UNKNOWN,-0.012439184822142124,SA2:,1001.8630759716034,659,Status.UNKNOWN,-0.012439184822142124,SA3:,1002.0333383083344,655,Status.UNKNOWN,-0.012439184822142124,SA4:,1001.3043577671051,661,Status.UNKNOWN,-0.012439184822142124,SA5:,1002.2341072559357,653,Status.UNKNOWN,-0.012439184822142124
84,0.0313725490196078,SA0:,1001.2880539894104,263,Status.UNKNOWN,-0.1341877281665802,SA1:,1001.3231165409088,251,Status.UNKNOWN,-0.1341877281665802,SA2:,1001.256865978241,261,Status.UNKNOWN,-0.1341877281665802,SA3:,1001.3057680130005,251,Status.UNKNOWN,-0.1341877281665802,SA4:,1001.3281762599945,237,Status.UNKNOWN,-0.1341877281665802,SA5:,1001.3321108818054,245,Status.UNKNOWN,-0.1341877281665802
84,0.0352941176470588,SA0:,1013.9905998706818,117,Status.UNKNOWN,-0.7769320607185364,SA1:,1008.9600386619568,115,Status.UNKNOWN,-0.7769320607185364,SA2:,1009.3437900543213,115,Status.UNKNOWN,-0.7769320607185364,SA3:,1004.0803799629211,115,Status.UNKNOWN,-0.7769320607185364,SA4:,1003.4650642871857,115,Status.UNKNOWN,-0.7769320607185364,SA5:,1008.4551315307617,117,Status.UNKNOWN,-0.7769320607185364
84,0.0392156862745098,SA0:,1017.6536870002747,81,Status.UNKNOWN,-1.6347055435180664,SA1:,1007.3226318359375,81,Status.UNKNOWN,-1.6347055435180664,SA2:,1004.8709604740143,81,Status.UNKNOWN,-1.6347055435180664,SA3:,1003.7178606987,81,Status.UNKNOWN,-1.6347055435180664,SA4:,1021.3084752559662,81,Status.UNKNOWN,-1.6347055435180664,SA5:,1020.5781354904175,81,Status.UNKNOWN,-1.6347055435180664
84,0.0431372549019607,SA0:,1048.3078157901764,49,Status.UNKNOWN,-2.6584787368774414,SA1:,1010.2226843833923,47,Status.UNKNOWN,-2.6584787368774414,SA2:,1025.4495704174042,47,Status.UNKNOWN,-2.6584787368774414,SA3:,1008.3273594379425,47,Status.UNKNOWN,-2.6584787368774414,SA4:,1033.8025221824646,47,Status.UNKNOWN,-2.6584787368774414,SA5:,1020.0824146270752,47,Status.UNKNOWN,-2.6584787368774414
84,0.0470588235294117,SA0:,1041.4881196022034,43,Status.UNKNOWN,-3.8352577686309814,SA1:,1028.0213389396667,43,Status.UNKNOWN,-3.8352577686309814,SA2:,1002.8151862621307,41,Status.UNKNOWN,-3.8352577686309814,SA3:,1056.8710415363312,43,Status.UNKNOWN,-3.8352577686309814,SA4:,1012.954836845398,41,Status.UNKNOWN,-3.8352577686309814,SA5:,1032.6220650672913,43,Status.UNKNOWN,-3.8352577686309814
84,0.0509803921568627,SA0:,1028.8230743408203,37,Status.UNKNOWN,-5.233135223388672,SA1:,1041.1781778335571,37,Status.UNKNOWN,-5.233135223388672,SA2:,1005.1653807163239,35,Status.UNKNOWN,-5.233135223388672,SA3:,1022.0191292762756,35,Status.UNKNOWN,-5.233135223388672,SA4:,1007.7273938655853,35,Status.UNKNOWN,-5.233135223388672,SA5:,1011.0901923179626,35,Status.UNKNOWN,-5.233135223388672
84,0.0549019607843137,SA0:,1062.6947815418243,31,Status.UNKNOWN,-7.548672676086426,SA1:,1013.549209356308,31,Status.UNKNOWN,-7.548672676086426,SA2:,1053.1010012626648,31,Status.UNKNOWN,-7.548672676086426,SA3:,1049.6444754600525,31,Status.UNKNOWN,-7.548672676086426,SA4:,1037.8220756053925,31,Status.UNKNOWN,-7.548672676086426,SA5:,1042.3810811042786,31,Status.UNKNOWN,-7.548672676086426
84,0.0588235294117647,SA0:,1031.0889556407928,27,Status.UNKNOWN,-10.182555198669434,SA1:,1017.2708988189697,27,Status.UNKNOWN,-10.182555198669434,SA2:,1019.1765522956848,27,Status.UNKNOWN,-10.182555198669434,SA3:,1031.2861776351929,27,Status.UNKNOWN,-10.182555198669434,SA4:,1037.431060552597,27,Status.UNKNOWN,-10.182555198669434,SA5:,1036.219762802124,27,Status.UNKNOWN,-10.182555198669434
84,0.0627450980392156,SA0:,1074.3045027256012,25,Status.UNKNOWN,-12.785029411315918,SA1:,1002.7025582790375,23,Status.UNKNOWN,-12.785029411315918,SA2:,1007.3645832538605,23,Status.UNKNOWN,-12.785029411315918,SA3:,1019.2127945423126,23,Status.UNKNOWN,-12.785029411315918,SA4:,1006.8494834899902,23,Status.UNKNOWN,-12.785029411315918,SA5:,1082.6278584003448,25,Status.UNKNOWN,-12.785029411315918
88,0.0117647058823529,SA0:,1003.8449294567108,565,Status.UNKNOWN,-0.26574820280075073,SA1:,1004.7235178947449,561,Status.UNKNOWN,-0.26574820280075073,SA2:,1004.4625322818756,563,Status.UNKNOWN,-0.26574820280075073,SA3:,1004.0551352500916,567,Status.UNKNOWN,-0.26574820280075073,SA4:,1003.2674343585968,567,Status.UNKNOWN,-0.26574820280075073,SA5:,1001.7812407016754,555,Status.UNKNOWN,-0.26574820280075073
89,0.0156862745098039,SA0:,78.17378687858582,21,Status.VERIFIED,-0.0983852669596672,SA1:,77.77137684822083,21,Status.VERIFIED,-0.0983852669596672,SA2:,76.75632739067078,21,Status.VERIFIED,-0.0983852669596672,SA3:,76.63397359848022,21,Status.VERIFIED,-0.0983852669596672,SA4:,78.04839777946472,21,Status.VERIFIED,-0.0983852669596672,SA5:,75.6262047290802,21,Status.VERIFIED,-0.0983852669596672
90,0.0196078431372549,SA0:,1005.0807538032532,217,Status.UNKNOWN,-0.418976366519928,SA1:,1003.3740658760071,219,Status.UNKNOWN,-0.418976366519928,SA2:,1002.6720545291901,221,Status.UNKNOWN,-0.418976366519928,SA3:,1009.6241664886475,219,Status.UNKNOWN,-0.418976366519928,SA4:,1009.3992855548859,213,Status.UNKNOWN,-0.418976366519928,SA5:,1009.1778209209442,221,Status.UNKNOWN,-0.418976366519928
90,0.0235294117647058,SA0:,1004.0403163433075,199,Status.UNKNOWN,-1.0832102298736572,SA1:,1010.9794704914093,197,Status.UNKNOWN,-1.0832102298736572,SA2:,1005.7207982540131,193,Status.UNKNOWN,-1.0832102298736572,SA3:,1004.0411972999573,199,Status.UNKNOWN,-1.0832102298736572,SA4:,1002.993150472641,199,Status.UNKNOWN,-1.0832102298736572,SA5:,1008.7564830780029,201,Status.UNKNOWN,-1.0832102298736572
92,0.0313725490196078,SA0:,1004.0780458450317,305,Status.UNKNOWN,-0.7224655151367188,SA1:,1005.390079498291,307,Status.UNKNOWN,-0.7224655151367188,SA2:,1001.3658895492554,307,Status.UNKNOWN,-0.7224655151367188,SA3:,1005.5743553638458,307,Status.UNKNOWN,-0.7224655151367188,SA4:,1003.7281789779663,297,Status.UNKNOWN,-0.7224655151367188,SA5:,1003.5663251876831,299,Status.UNKNOWN,-0.7224655151367188
92,0.0352941176470588,SA0:,1009.7109656333923,195,Status.UNKNOWN,-1.6228020191192627,SA1:,1008.0512156486511,191,Status.UNKNOWN,-1.6228020191192627,SA2:,1008.1051294803619,191,Status.UNKNOWN,-1.6228020191192627,SA3:,1002.8097894191742,191,Status.UNKNOWN,-1.6228020191192627,SA4:,1006.1169238090515,193,Status.UNKNOWN,-1.6228020191192627,SA5:,1005.9797787666321,193,Status.UNKNOWN,-1.6228020191192627
92,0.0392156862745098,SA0:,1012.4072716236115,133,Status.UNKNOWN,-2.5994603633880615,SA1:,1002.1491320133209,131,Status.UNKNOWN,-2.5994603633880615,SA2:,1009.5355393886566,133,Status.UNKNOWN,-2.5994603633880615,SA3:,1012.1395471096039,133,Status.UNKNOWN,-2.5994603633880615,SA4:,1016.5457880496979,133,Status.UNKNOWN,-2.5994603633880615,SA5:,1003.9266171455383,131,Status.UNKNOWN,-2.5994603633880615
92,0.0431372549019607,SA0:,1028.8080425262451,65,Status.UNKNOWN,-3.666755199432373,SA1:,1025.0705099105835,65,Status.UNKNOWN,-3.666755199432373,SA2:,1024.7652866840363,65,Status.UNKNOWN,-3.666755199432373,SA3:,1012.6095523834229,65,Status.UNKNOWN,-3.666755199432373,SA4:,1031.3427035808563,65,Status.UNKNOWN,-3.666755199432373,SA5:,1023.2183301448822,67,Status.UNKNOWN,-3.666755199432373
92,0.0470588235294117,SA0:,1010.7629504203796,63,Status.UNKNOWN,-4.8271589279174805,SA1:,1002.032395362854,61,Status.UNKNOWN,-4.8271589279174805,SA2:,1017.1779074668884,61,Status.UNKNOWN,-4.8271589279174805,SA3:,1021.7701709270477,63,Status.UNKNOWN,-4.8271589279174805,SA4:,1019.3374705314636,63,Status.UNKNOWN,-4.8271589279174805,SA5:,1020.0143141746521,63,Status.UNKNOWN,-4.8271589279174805
96,0.0156862745098039,SA0:,1001.2975561618805,211,Status.UNKNOWN,-0.4575873613357544,SA1:,1001.3122894763947,201,Status.UNKNOWN,-0.4575873613357544,SA2:,1001.476176738739,205,Status.UNKNOWN,-0.4575873613357544,SA3:,1001.2450456619263,209,Status.UNKNOWN,-0.4575873613357544,SA4:,1001.2652187347412,191,Status.UNKNOWN,-0.4575873613357544,SA5:,1001.2712950706482,225,Status.UNKNOWN,-0.4575873613357544
96,0.0196078431372549,SA0:,1002.8496835231781,133,Status.UNKNOWN,-1.3373298645019531,SA1:,1006.8439297676086,139,Status.UNKNOWN,-1.3373298645019531,SA2:,1016.4343764781952,143,Status.UNKNOWN,-1.3373298645019531,SA3:,1013.0250859260559,135,Status.UNKNOWN,-1.3373298645019531,SA4:,1014.6818218231201,139,Status.UNKNOWN,-1.3373298645019531,SA5:,1001.9848775863647,137,Status.UNKNOWN,-1.3373298645019531
98,0.0470588235294117,SA0:,8.233983039855957,3,Status.VERIFIED,0.1681472808122635,SA1:,8.467010021209717,3,Status.VERIFIED,0.1681472808122635,SA2:,8.51227617263794,3,Status.VERIFIED,0.1681472808122635,SA3:,8.251571655273438,3,Status.VERIFIED,0.1681472808122635,SA4:,8.611093282699585,3,Status.VERIFIED,0.1681472808122635,SA5:,8.201925277709961,3,Status.VERIFIED,0.1681472808122635
98,0.0509803921568627,SA0:,12.885321378707886,5,Status.VERIFIED,-0.22011716663837433,SA1:,13.299075841903687,5,Status.VERIFIED,-0.22011716663837433,SA2:,12.467888593673706,5,Status.VERIFIED,-0.22011716663837433,SA3:,12.368797302246094,5,Status.VERIFIED,-0.22011716663837433,SA4:,12.391685485839844,5,Status.VERIFIED,-0.22011716663837433,SA5:,12.599081754684448,5,Status.VERIFIED,-0.22011716663837433
98,0.0549019607843137,SA0:,111.520348072052,43,Status.VERIFIED,-0.6370431184768677,SA1:,109.51403784751892,43,Status.VERIFIED,-0.6370431184768677,SA2:,110.18613386154175,43,Status.VERIFIED,-0.6370431184768677,SA3:,108.7338593006134,43,Status.VERIFIED,-0.6370431184768677,SA4:,108.23297142982483,43,Status.VERIFIED,-0.6370431184768677,SA5:,109.99629497528076,43,Status.VERIFIED,-0.6370431184768677
98,0.0588235294117647,SA0:,1001.6216721534729,373,Status.UNKNOWN,-1.0749701261520386,SA1:,1007.2418313026428,367,Status.UNKNOWN,-1.0749701261520386,SA2:,1003.4167199134827,369,Status.UNKNOWN,-1.0749701261520386,SA3:,1002.0919528007507,371,Status.UNKNOWN,-1.0749701261520386,SA4:,1002.8595809936523,373,Status.UNKNOWN,-1.0749701261520386,SA5:,1008.1434168815613,377,Status.UNKNOWN,-1.0749701261520386
98,0.0627450980392156,SA0:,1015.0587086677551,131,Status.UNKNOWN,-1.5318894386291504,SA1:,1011.2523484230042,131,Status.UNKNOWN,-1.5318894386291504,SA2:,1006.819540977478,129,Status.UNKNOWN,-1.5318894386291504,SA3:,1009.8386571407318,131,Status.UNKNOWN,-1.5318894386291504,SA4:,1003.6508510112762,129,Status.UNKNOWN,-1.5318894386291504,SA5:,1009.7305912971497,129,Status.UNKNOWN,-1.5318894386291504
99,0.0235294117647058,SA0:,42.82435345649719,17,Status.VERIFIED,-0.3364330232143402,SA1:,41.657026290893555,17,Status.VERIFIED,-0.3364330232143402,SA2:,41.82252311706543,17,Status.VERIFIED,-0.3364330232143402,SA3:,41.85109186172485,17,Status.VERIFIED,-0.3364330232143402,SA4:,40.913166522979736,17,Status.VERIFIED,-0.3364330232143402,SA5:,41.92258405685425,17,Status.VERIFIED,-0.3364330232143402
99,0.0274509803921568,SA0:,1004.0442824363708,333,Status.UNKNOWN,-1.239991307258606,SA1:,1006.3708620071411,333,Status.UNKNOWN,-1.239991307258606,SA2:,1009.4252846240997,327,Status.UNKNOWN,-1.239991307258606,SA3:,1005.7355737686157,341,Status.UNKNOWN,-1.239991307258606,SA4:,1005.6651282310486,341,Status.UNKNOWN,-1.239991307258606,SA5:,1005.755922794342,343,Status.UNKNOWN,-1.239991307258606
99,0.0313725490196078,SA0:,1013.6205575466156,75,Status.UNKNOWN,-2.4150092601776123,SA1:,1008.5307693481445,75,Status.UNKNOWN,-2.4150092601776123,SA2:,1009.5536394119263,75,Status.UNKNOWN,-2.4150092601776123,SA3:,1010.6181275844574,75,Status.UNKNOWN,-2.4150092601776123,SA4:,1020.7197434902191,77,Status.UNKNOWN,-2.4150092601776123,SA5:,1009.3079535961151,75,Status.UNKNOWN,-2.4150092601776123
99,0.0352941176470588,SA0:,1040.3418567180634,53,Status.UNKNOWN,-3.7022359371185303,SA1:,1026.8010613918304,53,Status.UNKNOWN,-3.7022359371185303,SA2:,1010.2323689460754,53,Status.UNKNOWN,-3.7022359371185303,SA3:,1046.3657140731812,53,Status.UNKNOWN,-3.7022359371185303,SA4:,1007.2429373264313,51,Status.UNKNOWN,-3.7022359371185303,SA5:,1031.490487575531,53,Status.UNKNOWN,-3.7022359371185303
99,0.0392156862745098,SA0:,1038.9315841197968,49,Status.UNKNOWN,-5.126986503601074,SA1:,1018.0822412967682,49,Status.UNKNOWN,-5.126986503601074,SA2:,1017.2528569698334,49,Status.UNKNOWN,-5.126986503601074,SA3:,1035.5366923809052,49,Status.UNKNOWN,-5.126986503601074,SA4:,1030.3145875930786,49,Status.UNKNOWN,-5.126986503601074,SA5:,1004.0027551651001,47,Status.UNKNOWN,-5.126986503601074
