0,0.03137254901960784,SA0:,4.937891006469727,3,Status.VERIFIED,0.016774982213974,SA1:,5.0004472732543945,3,Status.VERIFIED,0.016774982213974,SA2:,5.254025459289551,3,Status.VERIFIED,0.016774982213974,SA3:,5.435944557189941,3,Status.VERIFIED,0.016774982213974,SA4:,5.47636866569519,3,Status.VERIFIED,0.016774982213974,SA5:,5.524677038192749,3,Status.VERIFIED,0.016774982213974
2,0.06274509803921569,SA0:,335.2341721057892,47,Status.ADV_EXAMPLE,-800.5673217773438,SA1:,231.46905851364136,35,Status.ADV_EXAMPLE,-800.5673217773438,SA2:,277.0885534286499,43,Status.ADV_EXAMPLE,-800.5673217773438,SA3:,691.4603021144867,107,Status.ADV_EXAMPLE,-800.5673217773438,SA4:,624.2238643169403,99,Status.ADV_EXAMPLE,-800.5673217773438,SA5:,553.1009187698364,85,Status.ADV_EXAMPLE,-800.5673217773438
5,0.023529411764705882,SA0:,1000.2996697425842,269,Status.UNKNOWN,-0.29734599590301514,SA1:,1000.3022162914276,285,Status.UNKNOWN,-0.29734599590301514,SA2:,1000.2987484931946,273,Status.UNKNOWN,-0.29734599590301514,SA3:,1000.2951364517212,301,Status.UNKNOWN,-0.29734599590301514,SA4:,1000.4243466854095,279,Status.UNKNOWN,-0.29734599590301514,SA5:,1000.2986884117126,281,Status.UNKNOWN,-0.29734599590301514
6,0.027450980392156862,SA0:,25.852470874786377,25,Status.VERIFIED,-0.5394967198371887,SA1:,27.226820707321167,25,Status.VERIFIED,-0.5394967198371887,SA2:,27.64543128013611,25,Status.VERIFIED,-0.5394967198371887,SA3:,26.65094232559204,25,Status.VERIFIED,-0.5394967198371887,SA4:,24.47032856941223,25,Status.VERIFIED,-0.5394967198371887,SA5:,25.162822246551514,25,Status.VERIFIED,-0.5394967198371887
8,0.023529411764705882,SA0:,2.279463291168213,5,Status.VERIFIED,-0.04560874029994011,SA1:,2.3168880939483643,5,Status.VERIFIED,-0.04560874029994011,SA2:,2.3242063522338867,5,Status.VERIFIED,-0.04560874029994011,SA3:,2.3839426040649414,5,Status.VERIFIED,-0.04560874029994011,SA4:,2.3149168491363525,5,Status.VERIFIED,-0.04560874029994011,SA5:,2.4632985591888428,5,Status.VERIFIED,-0.04560874029994011
9,0.03137254901960784,SA0:,31.168020009994507,33,Status.VERIFIED,-0.04403260350227356,SA1:,31.011783361434937,33,Status.VERIFIED,-0.04403260350227356,SA2:,31.490334510803223,33,Status.VERIFIED,-0.04403260350227356,SA3:,31.185626745224,33,Status.VERIFIED,-0.04403260350227356,SA4:,31.648043632507324,33,Status.VERIFIED,-0.04403260350227356,SA5:,31.504238843917847,33,Status.VERIFIED,-0.04403260350227356
11,0.0392156862745098,SA0:,27.744110822677612,25,Status.VERIFIED,-0.352140873670578,SA1:,27.689955711364746,25,Status.VERIFIED,-0.352140873670578,SA2:,27.553449630737305,25,Status.VERIFIED,-0.352140873670578,SA3:,27.63745880126953,25,Status.VERIFIED,-0.352140873670578,SA4:,27.699984073638916,25,Status.VERIFIED,-0.352140873670578,SA5:,27.666217803955078,25,Status.VERIFIED,-0.352140873670578
13,0.0392156862745098,SA0:,69.41340208053589,69,Status.VERIFIED,-0.49525582790374756,SA1:,69.05244421958923,69,Status.VERIFIED,-0.49525582790374756,SA2:,69.93556237220764,69,Status.VERIFIED,-0.49525582790374756,SA3:,69.81777572631836,69,Status.VERIFIED,-0.49525582790374756,SA4:,69.20339584350586,69,Status.VERIFIED,-0.49525582790374756,SA5:,69.20509791374207,69,Status.VERIFIED,-0.49525582790374756
15,0.03137254901960784,SA0:,1000.3055896759033,117,Status.UNKNOWN,-0.42014142870903015,SA1:,1000.3057227134705,109,Status.UNKNOWN,-0.42014142870903015,SA2:,1000.3043434619904,121,Status.UNKNOWN,-0.42014142870903015,SA3:,1000.3043298721313,121,Status.UNKNOWN,-0.42014142870903015,SA4:,1000.3019983768463,113,Status.UNKNOWN,-0.42014142870903015,SA5:,1000.3870913982391,107,Status.UNKNOWN,-0.42014142870903015
18,0.01568627450980392,SA0:,1000.2926948070526,185,Status.UNKNOWN,-0.4694209098815918,SA1:,1000.285071849823,179,Status.UNKNOWN,-0.4694209098815918,SA2:,1000.2922065258026,189,Status.UNKNOWN,-0.4694209098815918,SA3:,1000.27525639534,185,Status.UNKNOWN,-0.4694209098815918,SA4:,1000.2927496433258,191,Status.UNKNOWN,-0.4694209098815918,SA5:,1000.2853543758392,189,Status.UNKNOWN,-0.4694209098815918
18,0.027450980392156862,SA0:,45.27860164642334,25,Status.ADV_EXAMPLE,-8.913382530212402,SA1:,81.32833504676819,49,Status.ADV_EXAMPLE,-8.913382530212402,SA2:,73.39491701126099,43,Status.ADV_EXAMPLE,-8.913382530212402,SA3:,55.98675775527954,29,Status.ADV_EXAMPLE,-8.913382530212402,SA4:,61.60391354560852,37,Status.ADV_EXAMPLE,-8.913382530212402,SA5:,65.10271072387695,41,Status.ADV_EXAMPLE,-8.913382530212402
18,0.0392156862745098,SA0:,8.669555902481079,2,Status.VERIFIED,,SA1:,8.68229365348816,2,Status.VERIFIED,,SA2:,8.72744345664978,2,Status.VERIFIED,,SA3:,8.627190113067627,2,Status.VERIFIED,,SA4:,8.598776817321777,2,Status.VERIFIED,,SA5:,8.678831338882446,2,Status.VERIFIED,
20,0.058823529411764705,SA0:,60.2064790725708,12,Status.ADV_EXAMPLE,-435.1303405761719,SA1:,45.403621435165405,8,Status.ADV_EXAMPLE,-435.1303405761719,SA2:,73.84722065925598,14,Status.ADV_EXAMPLE,-435.1303405761719,SA3:,64.60995817184448,12,Status.ADV_EXAMPLE,-435.1303405761719,SA4:,44.101510524749756,8,Status.ADV_EXAMPLE,-435.1303405761719,SA5:,98.61723327636719,20,Status.ADV_EXAMPLE,-435.1303405761719
21,0.027450980392156862,SA0:,10.78801441192627,11,Status.VERIFIED,-0.21064548194408417,SA1:,10.965560674667358,11,Status.VERIFIED,-0.21064548194408417,SA2:,10.76754903793335,11,Status.VERIFIED,-0.21064548194408417,SA3:,10.9250967502594,11,Status.VERIFIED,-0.21064548194408417,SA4:,10.802870750427246,11,Status.VERIFIED,-0.21064548194408417,SA5:,10.908311128616333,11,Status.VERIFIED,-0.21064548194408417
25,0.050980392156862744,SA0:,6.271846294403076,13,Status.VERIFIED,-0.17653509974479675,SA1:,6.280539035797119,13,Status.VERIFIED,-0.17653509974479675,SA2:,6.22777795791626,13,Status.VERIFIED,-0.17653509974479675,SA3:,6.257444858551025,13,Status.VERIFIED,-0.17653509974479675,SA4:,6.249959945678711,13,Status.VERIFIED,-0.17653509974479675,SA5:,6.255650758743286,13,Status.VERIFIED,-0.17653509974479675
25,0.054901960784313725,SA0:,1000.4050781726837,101,Status.UNKNOWN,-1.1337807178497314,SA1:,1000.3027713298798,107,Status.UNKNOWN,-1.1337807178497314,SA2:,1000.2975177764893,125,Status.UNKNOWN,-1.1337807178497314,SA3:,1000.3256969451904,109,Status.UNKNOWN,-1.1337807178497314,SA4:,1000.2815051078796,103,Status.UNKNOWN,-1.1337807178497314,SA5:,1000.3194944858551,123,Status.UNKNOWN,-1.1337807178497314
26,0.023529411764705882,SA0:,1000.3005664348602,83,Status.UNKNOWN,-0.4144715666770935,SA1:,1000.3012793064117,77,Status.UNKNOWN,-0.4144715666770935,SA2:,1000.3020694255829,81,Status.UNKNOWN,-0.4144715666770935,SA3:,1000.3061380386353,77,Status.UNKNOWN,-0.4144715666770935,SA4:,1000.2986743450165,79,Status.UNKNOWN,-0.4144715666770935,SA5:,1000.4146463871002,83,Status.UNKNOWN,-0.4144715666770935
26,0.058823529411764705,SA0:,15.793641328811646,2,Status.VERIFIED,,SA1:,15.79969048500061,2,Status.VERIFIED,,SA2:,15.777936458587646,2,Status.VERIFIED,,SA3:,15.581212520599365,2,Status.VERIFIED,,SA4:,15.643139600753784,2,Status.VERIFIED,,SA5:,16.123286962509155,2,Status.VERIFIED,
28,0.03529411764705882,SA0:,1000.3060233592987,89,Status.UNKNOWN,-0.2196015864610672,SA1:,86.43741083145142,91,Status.VERIFIED,-0.2196015864610672,SA2:,87.24528288841248,91,Status.VERIFIED,-0.2196015864610672,SA3:,86.70249772071838,91,Status.VERIFIED,-0.2196015864610672,SA4:,1000.3006823062897,89,Status.UNKNOWN,-0.2196015864610672,SA5:,1000.3064606189728,89,Status.UNKNOWN,-0.2196015864610672
29,0.0196078431372549,SA0:,1000.3025233745575,159,Status.UNKNOWN,-0.9305804967880249,SA1:,1000.2876200675964,143,Status.UNKNOWN,-0.9305804967880249,SA2:,1000.2992622852325,149,Status.UNKNOWN,-0.9305804967880249,SA3:,1000.3442625999451,125,Status.UNKNOWN,-0.9305804967880249,SA4:,1000.3423702716827,147,Status.UNKNOWN,-0.9305804967880249,SA5:,1000.2874722480774,151,Status.UNKNOWN,-0.9305804967880249
33,0.023529411764705882,SA0:,7.7544848918914795,5,Status.VERIFIED,-0.09298333525657654,SA1:,7.598537921905518,5,Status.VERIFIED,-0.09298333525657654,SA2:,7.6132752895355225,5,Status.VERIFIED,-0.09298333525657654,SA3:,7.721864700317383,5,Status.VERIFIED,-0.09298333525657654,SA4:,7.719882249832153,5,Status.VERIFIED,-0.09298333525657654,SA5:,7.986445903778076,5,Status.VERIFIED,-0.09298333525657654
34,0.03137254901960784,SA0:,65.34316444396973,65,Status.VERIFIED,-0.3767284154891968,SA1:,60.64792227745056,65,Status.VERIFIED,-0.3767284154891968,SA2:,61.789223432540894,65,Status.VERIFIED,-0.3767284154891968,SA3:,61.36342978477478,65,Status.VERIFIED,-0.3767284154891968,SA4:,61.535475969314575,65,Status.VERIFIED,-0.3767284154891968,SA5:,61.19434094429016,65,Status.VERIFIED,-0.3767284154891968
34,0.058823529411764705,SA0:,47.026474714279175,13,Status.ADV_EXAMPLE,-188.8277130126953,SA1:,25.72253918647766,7,Status.ADV_EXAMPLE,-188.8277130126953,SA2:,32.558265686035156,9,Status.ADV_EXAMPLE,-188.8277130126953,SA3:,54.08698487281799,15,Status.ADV_EXAMPLE,-188.8277130126953,SA4:,53.432618856430054,15,Status.ADV_EXAMPLE,-188.8277130126953,SA5:,53.79242920875549,15,Status.ADV_EXAMPLE,-188.8277130126953
36,0.06274509803921569,SA0:,114.66245317459106,25,Status.ADV_EXAMPLE,-363.53778076171875,SA1:,278.2622444629669,61,Status.ADV_EXAMPLE,-363.53778076171875,SA2:,495.9845640659332,109,Status.ADV_EXAMPLE,-363.53778076171875,SA3:,152.27784252166748,31,Status.ADV_EXAMPLE,-363.53778076171875,SA4:,639.6521651744843,143,Status.ADV_EXAMPLE,-363.53778076171875,SA5:,268.1373710632324,57,Status.ADV_EXAMPLE,-363.53778076171875
37,0.050980392156862744,SA0:,35.40327024459839,7,Status.ADV_EXAMPLE,-362.6729736328125,SA1:,36.103938817977905,7,Status.ADV_EXAMPLE,-362.6729736328125,SA2:,35.96005463600159,7,Status.ADV_EXAMPLE,-362.6729736328125,SA3:,35.81457448005676,7,Status.ADV_EXAMPLE,-362.6729736328125,SA4:,26.95192813873291,5,Status.ADV_EXAMPLE,-362.6729736328125,SA5:,27.17963671684265,5,Status.ADV_EXAMPLE,-362.6729736328125
38,0.01568627450980392,SA0:,13.743311882019043,31,Status.VERIFIED,-0.2142419070005417,SA1:,13.827376127243042,31,Status.VERIFIED,-0.2142419070005417,SA2:,13.972642660140991,31,Status.VERIFIED,-0.2142419070005417,SA3:,13.9602370262146,31,Status.VERIFIED,-0.2142419070005417,SA4:,14.269300699234009,31,Status.VERIFIED,-0.2142419070005417,SA5:,13.908171892166138,31,Status.VERIFIED,-0.2142419070005417
39,0.023529411764705882,SA0:,1.6209571361541748,3,Status.VERIFIED,0.043831706047058105,SA1:,1.7813117504119873,3,Status.VERIFIED,0.043831706047058105,SA2:,1.6387715339660645,3,Status.VERIFIED,0.043831706047058105,SA3:,1.6103687286376953,3,Status.VERIFIED,0.043831706047058105,SA4:,1.7158684730529785,3,Status.VERIFIED,0.043831706047058105,SA5:,1.7184674739837646,3,Status.VERIFIED,0.043831706047058105
40,0.03529411764705882,SA0:,227.62411069869995,45,Status.ADV_EXAMPLE,-258.50933837890625,SA1:,172.1845302581787,33,Status.ADV_EXAMPLE,-258.50933837890625,SA2:,279.94924306869507,55,Status.ADV_EXAMPLE,-258.50933837890625,SA3:,265.09725618362427,53,Status.ADV_EXAMPLE,-258.50933837890625,SA4:,375.5344491004944,75,Status.ADV_EXAMPLE,-258.50933837890625,SA5:,188.57240629196167,39,Status.ADV_EXAMPLE,-258.50933837890625
42,0.03137254901960784,SA0:,4.860720157623291,5,Status.VERIFIED,-0.24175186455249786,SA1:,4.847901105880737,5,Status.VERIFIED,-0.24175186455249786,SA2:,4.821930408477783,5,Status.VERIFIED,-0.24175186455249786,SA3:,4.880080699920654,5,Status.VERIFIED,-0.24175186455249786,SA4:,4.868983030319214,5,Status.VERIFIED,-0.24175186455249786,SA5:,4.907617568969727,5,Status.VERIFIED,-0.24175186455249786
43,0.0196078431372549,SA0:,7.95290732383728,7,Status.ADV_EXAMPLE,-3.5583853721618652,SA1:,12.121555805206299,11,Status.ADV_EXAMPLE,-3.5583853721618652,SA2:,7.935529708862305,7,Status.ADV_EXAMPLE,-3.5583853721618652,SA3:,10.302041292190552,9,Status.ADV_EXAMPLE,-3.5583853721618652,SA4:,6.497768402099609,5,Status.ADV_EXAMPLE,-3.5583853721618652,SA5:,12.261635541915894,11,Status.ADV_EXAMPLE,-3.5583853721618652
43,0.023529411764705882,SA0:,8.010127305984497,5,Status.ADV_EXAMPLE,-10.564981460571289,SA1:,7.669909954071045,5,Status.ADV_EXAMPLE,-10.564981460571289,SA2:,12.642508745193481,9,Status.ADV_EXAMPLE,-10.564981460571289,SA3:,7.92333459854126,5,Status.ADV_EXAMPLE,-10.564981460571289,SA4:,7.958808898925781,5,Status.ADV_EXAMPLE,-10.564981460571289,SA5:,9.8306405544281,7,Status.ADV_EXAMPLE,-10.564981460571289
43,0.027450980392156862,SA0:,1002.0391318798065,695,Status.UNKNOWN,-19.53755760192871,SA1:,1001.2984116077423,701,Status.UNKNOWN,-19.53755760192871,SA2:,1002.8387217521667,693,Status.UNKNOWN,-19.53755760192871,SA3:,1002.4328997135162,707,Status.UNKNOWN,-19.53755760192871,SA4:,1002.5447416305542,697,Status.UNKNOWN,-19.53755760192871,SA5:,1002.0087478160858,673,Status.UNKNOWN,-19.53755760192871
43,0.03137254901960784,SA0:,1003.5805542469025,325,Status.UNKNOWN,-38.07829666137695,SA1:,1005.3092362880707,325,Status.UNKNOWN,-38.07829666137695,SA2:,1006.1785831451416,321,Status.UNKNOWN,-38.07829666137695,SA3:,1000.5036747455597,323,Status.UNKNOWN,-38.07829666137695,SA4:,1005.2022399902344,343,Status.UNKNOWN,-38.07829666137695,SA5:,1003.9659967422485,349,Status.UNKNOWN,-38.07829666137695
43,0.03529411764705882,SA0:,59.97012734413147,17,Status.ADV_EXAMPLE,-81.2314453125,SA1:,93.57992649078369,26,Status.ADV_EXAMPLE,-81.2314453125,SA2:,50.98698806762695,13,Status.ADV_EXAMPLE,-81.2314453125,SA3:,65.9113712310791,18,Status.ADV_EXAMPLE,-81.2314453125,SA4:,133.7659134864807,39,Status.ADV_EXAMPLE,-81.2314453125,SA5:,60.898277282714844,17,Status.ADV_EXAMPLE,-81.2314453125
44,0.06274509803921569,SA0:,16.836820125579834,3,Status.ADV_EXAMPLE,-506.0157470703125,SA1:,16.911978006362915,3,Status.ADV_EXAMPLE,-506.0157470703125,SA2:,16.76594567298889,3,Status.ADV_EXAMPLE,-506.0157470703125,SA3:,16.81605625152588,3,Status.ADV_EXAMPLE,-506.0157470703125,SA4:,16.937493085861206,3,Status.ADV_EXAMPLE,-506.0157470703125,SA5:,16.795350074768066,3,Status.ADV_EXAMPLE,-506.0157470703125
45,0.023529411764705882,SA0:,1000.301153421402,129,Status.UNKNOWN,-0.45733463764190674,SA1:,1000.3013606071472,131,Status.UNKNOWN,-0.45733463764190674,SA2:,1000.4111785888672,123,Status.UNKNOWN,-0.45733463764190674,SA3:,125.3503348827362,133,Status.VERIFIED,-0.45733463764190674,SA4:,1000.2983973026276,127,Status.UNKNOWN,-0.45733463764190674,SA5:,1000.2763257026672,129,Status.UNKNOWN,-0.45733463764190674
45,0.06274509803921569,SA0:,13.366177558898926,2,Status.VERIFIED,,SA1:,13.441627740859985,2,Status.VERIFIED,,SA2:,13.52060580253601,2,Status.VERIFIED,,SA3:,13.419792890548706,2,Status.VERIFIED,,SA4:,13.405954360961914,2,Status.VERIFIED,,SA5:,13.446812629699707,2,Status.VERIFIED,
48,0.043137254901960784,SA0:,10.003618717193604,7,Status.VERIFIED,-0.5076335072517395,SA1:,10.00060510635376,7,Status.VERIFIED,-0.5076335072517395,SA2:,9.940148115158081,7,Status.VERIFIED,-0.5076335072517395,SA3:,9.72914457321167,7,Status.VERIFIED,-0.5076335072517395,SA4:,9.823822736740112,7,Status.VERIFIED,-0.5076335072517395,SA5:,9.737391948699951,7,Status.VERIFIED,-0.5076335072517395
50,0.027450980392156862,SA0:,1000.3073863983154,251,Status.UNKNOWN,-0.7904963493347168,SA1:,1000.3080363273621,277,Status.UNKNOWN,-0.7904963493347168,SA2:,1000.30730676651,253,Status.UNKNOWN,-0.7904963493347168,SA3:,1000.3034927845001,247,Status.UNKNOWN,-0.7904963493347168,SA4:,1000.3045537471771,267,Status.UNKNOWN,-0.7904963493347168,SA5:,1000.3160729408264,251,Status.UNKNOWN,-0.7904963493347168
51,0.0392156862745098,SA0:,0.30341100692749023,0,Status.VERIFIED,,SA1:,0.30281829833984375,0,Status.VERIFIED,,SA2:,0.30341124534606934,0,Status.VERIFIED,,SA3:,0.3004615306854248,0,Status.VERIFIED,,SA4:,0.3141763210296631,0,Status.VERIFIED,,SA5:,0.2967972755432129,0,Status.VERIFIED,
51,0.043137254901960784,SA0:,1000.3175423145294,465,Status.UNKNOWN,-5.128446102142334,SA1:,1000.3167152404785,465,Status.UNKNOWN,-5.128446102142334,SA2:,1000.3121473789215,429,Status.UNKNOWN,-5.128446102142334,SA3:,1000.2896547317505,465,Status.UNKNOWN,-5.128446102142334,SA4:,1000.3100352287292,495,Status.UNKNOWN,-5.128446102142334,SA5:,1000.4251487255096,455,Status.UNKNOWN,-5.128446102142334
51,0.047058823529411764,SA0:,1001.8092005252838,715,Status.UNKNOWN,-13.040216445922852,SA1:,1002.6295011043549,709,Status.UNKNOWN,-13.040216445922852,SA2:,1001.3724367618561,711,Status.UNKNOWN,-13.040216445922852,SA3:,1002.4471333026886,711,Status.UNKNOWN,-13.040216445922852,SA4:,1002.7069120407104,707,Status.UNKNOWN,-13.040216445922852,SA5:,1001.4508123397827,681,Status.UNKNOWN,-13.040216445922852
52,0.03529411764705882,SA0:,1000.4507358074188,837,Status.UNKNOWN,-6.0055108070373535,SA1:,1000.343480348587,807,Status.UNKNOWN,-6.0055108070373535,SA2:,1000.3299663066864,781,Status.UNKNOWN,-6.0055108070373535,SA3:,1000.3537487983704,793,Status.UNKNOWN,-6.0055108070373535,SA4:,1000.3267245292664,797,Status.UNKNOWN,-6.0055108070373535,SA5:,1000.338919878006,815,Status.UNKNOWN,-6.0055108070373535
52,0.0392156862745098,SA0:,1002.60364818573,503,Status.UNKNOWN,-16.65593147277832,SA1:,1004.0046529769897,509,Status.UNKNOWN,-16.65593147277832,SA2:,1003.018248796463,511,Status.UNKNOWN,-16.65593147277832,SA3:,1002.2532062530518,511,Status.UNKNOWN,-16.65593147277832,SA4:,1003.2785642147064,513,Status.UNKNOWN,-16.65593147277832,SA5:,1000.6921937465668,507,Status.UNKNOWN,-16.65593147277832
53,0.03137254901960784,SA0:,1004.6679337024689,575,Status.UNKNOWN,-12.628220558166504,SA1:,1000.5595543384552,593,Status.UNKNOWN,-12.628220558166504,SA2:,1003.6550822257996,589,Status.UNKNOWN,-12.628220558166504,SA3:,1003.630578994751,601,Status.UNKNOWN,-12.628220558166504,SA4:,1001.6139054298401,595,Status.UNKNOWN,-12.628220558166504,SA5:,1001.8510012626648,599,Status.UNKNOWN,-12.628220558166504
54,0.047058823529411764,SA0:,8.553321123123169,5,Status.VERIFIED,-0.05649913474917412,SA1:,8.403002977371216,5,Status.VERIFIED,-0.05649913474917412,SA2:,8.365226030349731,5,Status.VERIFIED,-0.05649913474917412,SA3:,8.330668449401855,5,Status.VERIFIED,-0.05649913474917412,SA4:,8.49321722984314,5,Status.VERIFIED,-0.05649913474917412,SA5:,8.387777328491211,5,Status.VERIFIED,-0.05649913474917412
54,0.050980392156862744,SA0:,1001.5179524421692,965,Status.UNKNOWN,-8.479751586914062,SA1:,1000.7988300323486,977,Status.UNKNOWN,-8.479751586914062,SA2:,1000.3697991371155,977,Status.UNKNOWN,-8.479751586914062,SA3:,1001.0303294658661,975,Status.UNKNOWN,-8.479751586914062,SA4:,1001.7196140289307,981,Status.UNKNOWN,-8.479751586914062,SA5:,1001.118682384491,981,Status.UNKNOWN,-8.479751586914062
55,0.027450980392156862,SA0:,1.627781867980957,3,Status.VERIFIED,0.14574964344501495,SA1:,1.5643062591552734,3,Status.VERIFIED,0.14574964344501495,SA2:,1.553492546081543,3,Status.VERIFIED,0.14574964344501495,SA3:,1.766275405883789,3,Status.VERIFIED,0.14574964344501495,SA4:,1.534106969833374,3,Status.VERIFIED,0.14574964344501495,SA5:,1.6099255084991455,3,Status.VERIFIED,0.14574964344501495
55,0.03529411764705882,SA0:,1003.0760309696198,751,Status.UNKNOWN,-7.117317199707031,SA1:,1001.4614775180817,761,Status.UNKNOWN,-7.117317199707031,SA2:,1000.607616186142,755,Status.UNKNOWN,-7.117317199707031,SA3:,1001.5286910533905,755,Status.UNKNOWN,-7.117317199707031,SA4:,1002.3481938838959,749,Status.UNKNOWN,-7.117317199707031,SA5:,1003.6701726913452,757,Status.UNKNOWN,-7.117317199707031
55,0.043137254901960784,SA0:,1004.9602980613708,351,Status.UNKNOWN,-43.629940032958984,SA1:,1002.2041292190552,345,Status.UNKNOWN,-43.629940032958984,SA2:,1001.200119972229,351,Status.UNKNOWN,-43.629940032958984,SA3:,1001.125168800354,339,Status.UNKNOWN,-43.629940032958984,SA4:,1005.8582556247711,341,Status.UNKNOWN,-43.629940032958984,SA5:,1002.5250198841095,355,Status.UNKNOWN,-43.629940032958984
56,0.0392156862745098,SA0:,1000.4844708442688,965,Status.UNKNOWN,-5.597254276275635,SA1:,1000.7143874168396,971,Status.UNKNOWN,-5.597254276275635,SA2:,1001.3780627250671,967,Status.UNKNOWN,-5.597254276275635,SA3:,1000.7603161334991,973,Status.UNKNOWN,-5.597254276275635,SA4:,1001.1747241020203,965,Status.UNKNOWN,-5.597254276275635,SA5:,1001.0492112636566,935,Status.UNKNOWN,-5.597254276275635
58,0.03529411764705882,SA0:,1000.640834569931,705,Status.UNKNOWN,-17.238605499267578,SA1:,1003.8112795352936,707,Status.UNKNOWN,-17.238605499267578,SA2:,1003.3854413032532,713,Status.UNKNOWN,-17.238605499267578,SA3:,1002.5942792892456,709,Status.UNKNOWN,-17.238605499267578,SA4:,1001.4728138446808,709,Status.UNKNOWN,-17.238605499267578,SA5:,1002.2285859584808,713,Status.UNKNOWN,-17.238605499267578
58,0.0392156862745098,SA0:,1003.2827410697937,487,Status.UNKNOWN,-33.154449462890625,SA1:,1003.5066304206848,483,Status.UNKNOWN,-33.154449462890625,SA2:,1004.5558035373688,489,Status.UNKNOWN,-33.154449462890625,SA3:,1000.4443809986115,489,Status.UNKNOWN,-33.154449462890625,SA4:,1004.2049503326416,485,Status.UNKNOWN,-33.154449462890625,SA5:,1002.6392796039581,495,Status.UNKNOWN,-33.154449462890625
59,0.0196078431372549,SA0:,61.55187940597534,63,Status.VERIFIED,-0.12295503169298172,SA1:,61.07981729507446,63,Status.VERIFIED,-0.12295503169298172,SA2:,60.594741106033325,63,Status.VERIFIED,-0.12295503169298172,SA3:,61.69085717201233,63,Status.VERIFIED,-0.12295503169298172,SA4:,61.10591721534729,63,Status.VERIFIED,-0.12295503169298172,SA5:,61.75307869911194,63,Status.VERIFIED,-0.12295503169298172
59,0.027450980392156862,SA0:,1001.8375890254974,525,Status.UNKNOWN,-17.923898696899414,SA1:,1001.6852293014526,533,Status.UNKNOWN,-17.923898696899414,SA2:,1002.1927495002747,535,Status.UNKNOWN,-17.923898696899414,SA3:,1004.4860892295837,535,Status.UNKNOWN,-17.923898696899414,SA4:,1002.3869757652283,537,Status.UNKNOWN,-17.923898696899414,SA5:,1000.7574744224548,529,Status.UNKNOWN,-17.923898696899414
59,0.058823529411764705,SA0:,23.641783714294434,3,Status.ADV_EXAMPLE,-770.34716796875,SA1:,24.21863865852356,3,Status.ADV_EXAMPLE,-770.34716796875,SA2:,26.103212356567383,3,Status.ADV_EXAMPLE,-770.34716796875,SA3:,26.016551733016968,3,Status.ADV_EXAMPLE,-770.34716796875,SA4:,25.345142602920532,3,Status.ADV_EXAMPLE,-770.34716796875,SA5:,25.294681787490845,3,Status.ADV_EXAMPLE,-770.34716796875
60,0.043137254901960784,SA0:,1000.3517563343048,991,Status.UNKNOWN,-1.2920671701431274,SA1:,1000.4247705936432,1013,Status.UNKNOWN,-1.2920671701431274,SA2:,1000.3334202766418,969,Status.UNKNOWN,-1.2920671701431274,SA3:,1000.3255829811096,1019,Status.UNKNOWN,-1.2920671701431274,SA4:,1000.3230156898499,1017,Status.UNKNOWN,-1.2920671701431274,SA5:,1000.3173351287842,997,Status.UNKNOWN,-1.2920671701431274
61,0.027450980392156862,SA0:,1003.2826056480408,689,Status.UNKNOWN,-4.248162746429443,SA1:,1001.3841042518616,679,Status.UNKNOWN,-4.248162746429443,SA2:,1001.9926888942719,689,Status.UNKNOWN,-4.248162746429443,SA3:,1000.9445362091064,693,Status.UNKNOWN,-4.248162746429443,SA4:,1000.4919664859772,699,Status.UNKNOWN,-4.248162746429443,SA5:,1000.9016916751862,711,Status.UNKNOWN,-4.248162746429443
61,0.03137254901960784,SA0:,1001.5219535827637,487,Status.UNKNOWN,-17.36630630493164,SA1:,1001.3182845115662,489,Status.UNKNOWN,-17.36630630493164,SA2:,1001.1577260494232,493,Status.UNKNOWN,-17.36630630493164,SA3:,1000.4857895374298,487,Status.UNKNOWN,-17.36630630493164,SA4:,1002.1665139198303,485,Status.UNKNOWN,-17.36630630493164,SA5:,1000.9722578525543,481,Status.UNKNOWN,-17.36630630493164
61,0.03529411764705882,SA0:,1004.4495322704315,403,Status.UNKNOWN,-45.40474319458008,SA1:,1001.7314963340759,401,Status.UNKNOWN,-45.40474319458008,SA2:,1002.3174066543579,403,Status.UNKNOWN,-45.40474319458008,SA3:,1003.5174283981323,403,Status.UNKNOWN,-45.40474319458008,SA4:,1001.616946220398,403,Status.UNKNOWN,-45.40474319458008,SA5:,1004.6473224163055,405,Status.UNKNOWN,-45.40474319458008
62,0.011764705882352941,SA0:,4.326606750488281,3,Status.ADV_EXAMPLE,-1.0463991165161133,SA1:,4.349680423736572,3,Status.ADV_EXAMPLE,-1.0463991165161133,SA2:,4.378581285476685,3,Status.ADV_EXAMPLE,-1.0463991165161133,SA3:,4.344831705093384,3,Status.ADV_EXAMPLE,-1.0463991165161133,SA4:,4.561637878417969,3,Status.ADV_EXAMPLE,-1.0463991165161133,SA5:,4.301129579544067,3,Status.ADV_EXAMPLE,-1.0463991165161133
62,0.01568627450980392,SA0:,1000.8642752170563,907,Status.UNKNOWN,-5.346733570098877,SA1:,1001.4370903968811,893,Status.UNKNOWN,-5.346733570098877,SA2:,1000.3588502407074,899,Status.UNKNOWN,-5.346733570098877,SA3:,1002.2997395992279,909,Status.UNKNOWN,-5.346733570098877,SA4:,1002.4070236682892,899,Status.UNKNOWN,-5.346733570098877,SA5:,1002.132438659668,855,Status.UNKNOWN,-5.346733570098877
62,0.023529411764705882,SA0:,1003.553608417511,345,Status.UNKNOWN,-35.61933517456055,SA1:,1002.915952205658,353,Status.UNKNOWN,-35.61933517456055,SA2:,1003.85302567482,355,Status.UNKNOWN,-35.61933517456055,SA3:,1004.2120561599731,357,Status.UNKNOWN,-35.61933517456055,SA4:,1000.5508999824524,355,Status.UNKNOWN,-35.61933517456055,SA5:,1005.1594443321228,357,Status.UNKNOWN,-35.61933517456055
62,0.027450980392156862,SA0:,55.411787271499634,15,Status.ADV_EXAMPLE,-83.67186737060547,SA1:,69.41505670547485,19,Status.ADV_EXAMPLE,-83.67186737060547,SA2:,54.80204486846924,15,Status.ADV_EXAMPLE,-83.67186737060547,SA3:,40.212103605270386,11,Status.ADV_EXAMPLE,-83.67186737060547,SA4:,70.34160447120667,19,Status.ADV_EXAMPLE,-83.67186737060547,SA5:,67.3603024482727,17,Status.ADV_EXAMPLE,-83.67186737060547
65,0.01568627450980392,SA0:,101.70639848709106,72,Status.ADV_EXAMPLE,-9.856964111328125,SA1:,146.42618250846863,120,Status.ADV_EXAMPLE,-9.856964111328125,SA2:,201.42949843406677,166,Status.ADV_EXAMPLE,-9.856964111328125,SA3:,101.01590943336487,80,Status.ADV_EXAMPLE,-9.856964111328125,SA4:,103.27735352516174,82,Status.ADV_EXAMPLE,-9.856964111328125,SA5:,208.4674141407013,176,Status.ADV_EXAMPLE,-9.856964111328125
65,0.0196078431372549,SA0:,70.22471070289612,41,Status.ADV_EXAMPLE,-19.15056800842285,SA1:,55.84282565116882,31,Status.ADV_EXAMPLE,-19.15056800842285,SA2:,69.23054671287537,39,Status.ADV_EXAMPLE,-19.15056800842285,SA3:,53.09443211555481,27,Status.ADV_EXAMPLE,-19.15056800842285,SA4:,65.19185638427734,39,Status.ADV_EXAMPLE,-19.15056800842285,SA5:,42.08388710021973,23,Status.ADV_EXAMPLE,-19.15056800842285
65,0.0392156862745098,SA0:,1001.3287131786346,245,Status.UNKNOWN,-287.9921569824219,SA1:,869.7019793987274,213,Status.ADV_EXAMPLE,-287.9921569824219,SA2:,1005.7446274757385,247,Status.UNKNOWN,-287.9921569824219,SA3:,831.3038444519043,205,Status.ADV_EXAMPLE,-287.9921569824219,SA4:,1002.7199308872223,245,Status.UNKNOWN,-287.9921569824219,SA5:,1004.3533003330231,241,Status.UNKNOWN,-287.9921569824219
65,0.043137254901960784,SA0:,197.60772943496704,45,Status.ADV_EXAMPLE,-368.3013610839844,SA1:,228.81515669822693,48,Status.ADV_EXAMPLE,-368.3013610839844,SA2:,106.4799063205719,23,Status.ADV_EXAMPLE,-368.3013610839844,SA3:,241.43859243392944,55,Status.ADV_EXAMPLE,-368.3013610839844,SA4:,226.87834000587463,53,Status.ADV_EXAMPLE,-368.3013610839844,SA5:,187.33604383468628,43,Status.ADV_EXAMPLE,-368.3013610839844
66,0.03137254901960784,SA0:,48.9105167388916,45,Status.VERIFIED,-0.3677862882614136,SA1:,51.21102738380432,45,Status.VERIFIED,-0.3677862882614136,SA2:,50.1643283367157,45,Status.VERIFIED,-0.3677862882614136,SA3:,50.44422721862793,45,Status.VERIFIED,-0.3677862882614136,SA4:,50.497867822647095,45,Status.VERIFIED,-0.3677862882614136,SA5:,49.03142166137695,45,Status.VERIFIED,-0.3677862882614136
67,0.03137254901960784,SA0:,1000.3061544895172,243,Status.UNKNOWN,-0.27041277289390564,SA1:,1000.3069787025452,265,Status.UNKNOWN,-0.27041277289390564,SA2:,1000.30743932724,261,Status.UNKNOWN,-0.27041277289390564,SA3:,1000.3031187057495,263,Status.UNKNOWN,-0.27041277289390564,SA4:,1000.3030455112457,265,Status.UNKNOWN,-0.27041277289390564,SA5:,1000.3024156093597,263,Status.UNKNOWN,-0.27041277289390564
69,0.03529411764705882,SA0:,71.2847044467926,69,Status.VERIFIED,-0.046251848340034485,SA1:,72.16019773483276,69,Status.VERIFIED,-0.046251848340034485,SA2:,71.43006324768066,69,Status.VERIFIED,-0.046251848340034485,SA3:,71.02156853675842,69,Status.VERIFIED,-0.046251848340034485,SA4:,71.34888553619385,69,Status.VERIFIED,-0.046251848340034485,SA5:,66.23986506462097,69,Status.VERIFIED,-0.046251848340034485
73,0.050980392156862744,SA0:,226.97432446479797,75,Status.ADV_EXAMPLE,-134.77928161621094,SA1:,73.78688025474548,23,Status.ADV_EXAMPLE,-134.77928161621094,SA2:,67.6749849319458,21,Status.ADV_EXAMPLE,-134.77928161621094,SA3:,210.03536748886108,67,Status.ADV_EXAMPLE,-134.77928161621094,SA4:,40.47167110443115,11,Status.ADV_EXAMPLE,-134.77928161621094,SA5:,66.86042141914368,19,Status.ADV_EXAMPLE,-134.77928161621094
74,0.023529411764705882,SA0:,27.880141973495483,21,Status.VERIFIED,-0.45335373282432556,SA1:,27.8871750831604,21,Status.VERIFIED,-0.45335373282432556,SA2:,27.93839931488037,21,Status.VERIFIED,-0.45335373282432556,SA3:,27.75067925453186,21,Status.VERIFIED,-0.45335373282432556,SA4:,28.04588508605957,21,Status.VERIFIED,-0.45335373282432556,SA5:,28.249526500701904,21,Status.VERIFIED,-0.45335373282432556
74,0.050980392156862744,SA0:,27.08603525161743,4,Status.ADV_EXAMPLE,-334.17974853515625,SA1:,44.60984134674072,8,Status.ADV_EXAMPLE,-334.17974853515625,SA2:,27.406801223754883,4,Status.ADV_EXAMPLE,-334.17974853515625,SA3:,25.76944327354431,4,Status.ADV_EXAMPLE,-334.17974853515625,SA4:,25.17941689491272,4,Status.ADV_EXAMPLE,-334.17974853515625,SA5:,33.4694664478302,6,Status.ADV_EXAMPLE,-334.17974853515625
76,0.03529411764705882,SA0:,1000.3086261749268,235,Status.UNKNOWN,-1.0416830778121948,SA1:,1000.3072221279144,239,Status.UNKNOWN,-1.0416830778121948,SA2:,1000.3074870109558,233,Status.UNKNOWN,-1.0416830778121948,SA3:,1000.3083758354187,235,Status.UNKNOWN,-1.0416830778121948,SA4:,1000.2813758850098,239,Status.UNKNOWN,-1.0416830778121948,SA5:,1000.2758402824402,221,Status.UNKNOWN,-1.0416830778121948
77,0.02745098039215686,SA0:,1000.280086517334,261,Status.UNKNOWN,-0.8610201478004456,SA1:,1000.4393179416656,239,Status.UNKNOWN,-0.8610201478004456,SA2:,1000.2786822319031,261,Status.UNKNOWN,-0.8610201478004456,SA3:,1000.2788445949554,273,Status.UNKNOWN,-0.8610201478004456,SA4:,1000.2792270183563,263,Status.UNKNOWN,-0.8610201478004456,SA5:,1000.2797389030457,253,Status.UNKNOWN,-0.8610201478004456
78,0.043137254901960784,SA0:,41.428874492645264,8,Status.ADV_EXAMPLE,-196.34548950195312,SA1:,68.89716076850891,14,Status.ADV_EXAMPLE,-196.34548950195312,SA2:,32.707396507263184,6,Status.ADV_EXAMPLE,-196.34548950195312,SA3:,62.14875316619873,12,Status.ADV_EXAMPLE,-196.34548950195312,SA4:,80.34907698631287,16,Status.ADV_EXAMPLE,-196.34548950195312,SA5:,52.93877625465393,10,Status.ADV_EXAMPLE,-196.34548950195312
78,0.054901960784313725,SA0:,17.261317253112793,3,Status.ADV_EXAMPLE,-424.7490539550781,SA1:,17.483017206192017,3,Status.ADV_EXAMPLE,-424.7490539550781,SA2:,17.282350063323975,3,Status.ADV_EXAMPLE,-424.7490539550781,SA3:,17.35893940925598,3,Status.ADV_EXAMPLE,-424.7490539550781,SA4:,17.45521903038025,3,Status.ADV_EXAMPLE,-424.7490539550781,SA5:,17.4174325466156,3,Status.ADV_EXAMPLE,-424.7490539550781
78,0.058823529411764705,SA0:,17.710925817489624,3,Status.ADV_EXAMPLE,-515.8524780273438,SA1:,17.74788808822632,3,Status.ADV_EXAMPLE,-515.8524780273438,SA2:,17.651745319366455,3,Status.ADV_EXAMPLE,-515.8524780273438,SA3:,17.814869165420532,3,Status.ADV_EXAMPLE,-515.8524780273438,SA4:,17.652834177017212,3,Status.ADV_EXAMPLE,-515.8524780273438,SA5:,17.824565649032593,3,Status.ADV_EXAMPLE,-515.8524780273438
85,0.043137254901960784,SA0:,12.691003322601318,19,Status.VERIFIED,-0.08517500013113022,SA1:,12.525444984436035,19,Status.VERIFIED,-0.08517500013113022,SA2:,12.537569522857666,19,Status.VERIFIED,-0.08517500013113022,SA3:,12.490737676620483,19,Status.VERIFIED,-0.08517500013113022,SA4:,12.524787425994873,19,Status.VERIFIED,-0.08517500013113022,SA5:,12.846269845962524,19,Status.VERIFIED,-0.08517500013113022
86,0.03529411764705882,SA0:,27.286457538604736,27,Status.VERIFIED,-0.24549809098243713,SA1:,27.28476047515869,27,Status.VERIFIED,-0.24549809098243713,SA2:,27.394505500793457,27,Status.VERIFIED,-0.24549809098243713,SA3:,27.021140336990356,27,Status.VERIFIED,-0.24549809098243713,SA4:,26.75083351135254,27,Status.VERIFIED,-0.24549809098243713,SA5:,27.18592143058777,27,Status.VERIFIED,-0.24549809098243713
89,0.0196078431372549,SA0:,21.4965558052063,19,Status.VERIFIED,-0.2948386073112488,SA1:,20.97715735435486,19,Status.VERIFIED,-0.2948386073112488,SA2:,21.2413113117218,19,Status.VERIFIED,-0.2948386073112488,SA3:,21.177098512649536,19,Status.VERIFIED,-0.2948386073112488,SA4:,21.065369606018066,19,Status.VERIFIED,-0.2948386073112488,SA5:,21.11977481842041,19,Status.VERIFIED,-0.2948386073112488
95,0.06274509803921569,SA0:,163.22403264045715,65,Status.ADV_EXAMPLE,-282.11322021484375,SA1:,128.68861174583435,51,Status.ADV_EXAMPLE,-282.11322021484375,SA2:,120.79749774932861,49,Status.ADV_EXAMPLE,-282.11322021484375,SA3:,209.59576559066772,85,Status.ADV_EXAMPLE,-282.11322021484375,SA4:,158.46225595474243,63,Status.ADV_EXAMPLE,-282.11322021484375,SA5:,210.29593467712402,85,Status.ADV_EXAMPLE,-282.11322021484375
96,0.027450980392156862,SA0:,8.456809282302856,2,Status.VERIFIED,,SA1:,8.31851053237915,2,Status.VERIFIED,,SA2:,8.280521392822266,2,Status.VERIFIED,,SA3:,8.3322274684906,2,Status.VERIFIED,,SA4:,8.367973804473877,2,Status.VERIFIED,,SA5:,8.383360147476196,2,Status.VERIFIED,
98,0.03137254901960784,SA0:,30.440067291259766,27,Status.VERIFIED,-0.6475629210472107,SA1:,30.308664321899414,27,Status.VERIFIED,-0.6475629210472107,SA2:,30.163702964782715,27,Status.VERIFIED,-0.6475629210472107,SA3:,1000.267655134201,25,Status.UNKNOWN,-0.6475629210472107,SA4:,1000.2766306400299,25,Status.UNKNOWN,-0.6475629210472107,SA5:,1000.2744982242584,25,Status.UNKNOWN,-0.6475629210472107
99,0.027450980392156862,SA0:,19.0792453289032,23,Status.VERIFIED,-0.06979741156101227,SA1:,19.428596258163452,23,Status.VERIFIED,-0.06979741156101227,SA2:,19.244687795639038,23,Status.VERIFIED,-0.06979741156101227,SA3:,19.25593876838684,23,Status.VERIFIED,-0.06979741156101227,SA4:,19.389745473861694,23,Status.VERIFIED,-0.06979741156101227,SA5:,19.276202917099,23,Status.VERIFIED,-0.06979741156101227
