1,0.0156862745098039,SA0:,7.559255123138428,5,Status.VERIFIED,-0.013383922167122364,SA1:,7.533185720443726,5,Status.VERIFIED,-0.013383922167122364,SA2:,7.247770309448242,5,Status.VERIFIED,-0.013383922167122364,SA3:,7.282817363739014,5,Status.VERIFIED,-0.013383922167122364,SA4:,7.2174766063690186,5,Status.VERIFIED,-0.013383922167122364,SA5:,7.3219428062438965,5,Status.VERIFIED,-0.013383922167122364
1,0.0196078431372549,SA0:,1005.7268679141998,411,Status.UNKNOWN,-0.824709415435791,SA1:,1002.5426094532013,419,Status.UNKNOWN,-0.824709415435791,SA2:,1003.471842288971,413,Status.UNKNOWN,-0.824709415435791,SA3:,1003.0569863319397,413,Status.UNKNOWN,-0.824709415435791,SA4:,1001.8378357887268,419,Status.UNKNOWN,-0.824709415435791,SA5:,1002.4797070026398,413,Status.UNKNOWN,-0.824709415435791
1,0.0235294117647058,SA0:,9.900653600692749,3,Status.ADV_EXAMPLE,-1.3934637308120728,SA1:,10.472636699676514,3,Status.ADV_EXAMPLE,-1.3934637308120728,SA2:,10.478851556777954,3,Status.ADV_EXAMPLE,-1.3934637308120728,SA3:,10.081908464431763,3,Status.ADV_EXAMPLE,-1.3934637308120728,SA4:,10.78615689277649,3,Status.ADV_EXAMPLE,-1.3934637308120728,SA5:,10.00476884841919,3,Status.ADV_EXAMPLE,-1.3934637308120728
2,0.0117647058823529,SA0:,9.561655044555664,7,Status.VERIFIED,-0.09523116052150726,SA1:,9.55575704574585,7,Status.VERIFIED,-0.09523116052150726,SA2:,9.449285745620728,7,Status.VERIFIED,-0.09523116052150726,SA3:,9.891968965530396,7,Status.VERIFIED,-0.09523116052150726,SA4:,9.60973834991455,7,Status.VERIFIED,-0.09523116052150726,SA5:,9.643401384353638,7,Status.VERIFIED,-0.09523116052150726
3,0.0156862745098039,SA0:,1001.5347330570221,823,Status.UNKNOWN,-0.2097582072019577,SA1:,1001.832314491272,825,Status.UNKNOWN,-0.2097582072019577,SA2:,1003.7376160621643,831,Status.UNKNOWN,-0.2097582072019577,SA3:,1003.231397151947,815,Status.UNKNOWN,-0.2097582072019577,SA4:,1002.3753347396851,811,Status.UNKNOWN,-0.2097582072019577,SA5:,1001.7948796749115,827,Status.UNKNOWN,-0.2097582072019577
3,0.0196078431372549,SA0:,60.27233839035034,44,Status.ADV_EXAMPLE,-0.9123817086219788,SA1:,99.70533037185669,70,Status.ADV_EXAMPLE,-0.9123817086219788,SA2:,57.26955056190491,40,Status.ADV_EXAMPLE,-0.9123817086219788,SA3:,48.8740816116333,36,Status.ADV_EXAMPLE,-0.9123817086219788,SA4:,68.52535843849182,48,Status.ADV_EXAMPLE,-0.9123817086219788,SA5:,68.92992877960205,48,Status.ADV_EXAMPLE,-0.9123817086219788
4,0.0156862745098039,SA0:,1001.713490486145,683,Status.UNKNOWN,-0.6299524307250977,SA1:,1001.9755878448486,687,Status.UNKNOWN,-0.6299524307250977,SA2:,1002.6414790153503,669,Status.UNKNOWN,-0.6299524307250977,SA3:,1002.5042762756348,655,Status.UNKNOWN,-0.6299524307250977,SA4:,1001.990109205246,673,Status.UNKNOWN,-0.6299524307250977,SA5:,1002.562139749527,677,Status.UNKNOWN,-0.6299524307250977
4,0.0196078431372549,SA0:,1007.1997103691101,207,Status.UNKNOWN,-1.560280680656433,SA1:,1010.9822463989258,209,Status.UNKNOWN,-1.560280680656433,SA2:,1010.2446434497833,211,Status.UNKNOWN,-1.560280680656433,SA3:,1007.3787426948547,209,Status.UNKNOWN,-1.560280680656433,SA4:,1004.2954132556915,205,Status.UNKNOWN,-1.560280680656433,SA5:,1007.7784423828125,211,Status.UNKNOWN,-1.560280680656433
4,0.0235294117647058,SA0:,200.33069491386414,34,Status.ADV_EXAMPLE,-2.5261383056640625,SA1:,350.3306016921997,58,Status.ADV_EXAMPLE,-2.5261383056640625,SA2:,310.4331085681915,52,Status.ADV_EXAMPLE,-2.5261383056640625,SA3:,101.46295499801636,18,Status.ADV_EXAMPLE,-2.5261383056640625,SA4:,139.8884310722351,24,Status.ADV_EXAMPLE,-2.5261383056640625,SA5:,93.41799688339233,16,Status.ADV_EXAMPLE,-2.5261383056640625
5,0.0156862745098039,SA0:,180.47535490989685,103,Status.VERIFIED,-0.05588407441973686,SA1:,169.03900122642517,103,Status.VERIFIED,-0.05588407441973686,SA2:,174.79123878479004,103,Status.VERIFIED,-0.05588407441973686,SA3:,173.31032848358154,103,Status.VERIFIED,-0.05588407441973686,SA4:,171.6968080997467,103,Status.VERIFIED,-0.05588407441973686,SA5:,172.75842356681824,103,Status.VERIFIED,-0.05588407441973686
5,0.0196078431372549,SA0:,1006.3543629646301,311,Status.UNKNOWN,-0.600793719291687,SA1:,1003.7599189281464,311,Status.UNKNOWN,-0.600793719291687,SA2:,1003.1697087287903,315,Status.UNKNOWN,-0.600793719291687,SA3:,1003.9702453613281,315,Status.UNKNOWN,-0.600793719291687,SA4:,1006.5223183631897,315,Status.UNKNOWN,-0.600793719291687,SA5:,1005.2380106449127,315,Status.UNKNOWN,-0.600793719291687
5,0.0235294117647058,SA0:,1002.7119760513306,113,Status.UNKNOWN,-2.1155619621276855,SA1:,1013.5895144939423,113,Status.UNKNOWN,-2.1155619621276855,SA2:,1006.4262344837189,113,Status.UNKNOWN,-2.1155619621276855,SA3:,1008.1145951747894,115,Status.UNKNOWN,-2.1155619621276855,SA4:,1010.8564069271088,115,Status.UNKNOWN,-2.1155619621276855,SA5:,1005.7952659130096,113,Status.UNKNOWN,-2.1155619621276855
8,0.0039215686274509,SA0:,13.498672485351562,11,Status.VERIFIED,-0.0008102894062176347,SA1:,13.660345315933228,11,Status.VERIFIED,-0.0008102894062176347,SA2:,13.828806400299072,11,Status.VERIFIED,-0.0008102894062176347,SA3:,13.780678272247314,11,Status.VERIFIED,-0.0008102894062176347,SA4:,13.99192500114441,11,Status.VERIFIED,-0.0008102894062176347,SA5:,13.901056051254272,11,Status.VERIFIED,-0.0008102894062176347
9,0.0156862745098039,SA0:,50.03119468688965,37,Status.VERIFIED,-0.19801966845989227,SA1:,49.75118565559387,37,Status.VERIFIED,-0.19801966845989227,SA2:,51.16151237487793,37,Status.VERIFIED,-0.19801966845989227,SA3:,50.214109897613525,37,Status.VERIFIED,-0.19801966845989227,SA4:,49.10489273071289,37,Status.VERIFIED,-0.19801966845989227,SA5:,50.617002964019775,37,Status.VERIFIED,-0.19801966845989227
9,0.0196078431372549,SA0:,1004.0837166309357,493,Status.UNKNOWN,-0.8815128803253174,SA1:,1001.5055551528931,489,Status.UNKNOWN,-0.8815128803253174,SA2:,1002.7643694877625,491,Status.UNKNOWN,-0.8815128803253174,SA3:,1003.3826334476471,479,Status.UNKNOWN,-0.8815128803253174,SA4:,1004.7304582595825,487,Status.UNKNOWN,-0.8815128803253174,SA5:,1005.0581221580505,493,Status.UNKNOWN,-0.8815128803253174
10,0.0156862745098039,SA0:,1006.4788961410522,353,Status.UNKNOWN,-0.6043486595153809,SA1:,1001.77166223526,353,Status.UNKNOWN,-0.6043486595153809,SA2:,1003.7427229881287,355,Status.UNKNOWN,-0.6043486595153809,SA3:,1005.2639510631561,351,Status.UNKNOWN,-0.6043486595153809,SA4:,1006.399181842804,343,Status.UNKNOWN,-0.6043486595153809,SA5:,1005.5620534420013,343,Status.UNKNOWN,-0.6043486595153809
11,0.0156862745098039,SA0:,30.457650184631348,21,Status.VERIFIED,-0.132485032081604,SA1:,30.210842847824097,21,Status.VERIFIED,-0.132485032081604,SA2:,29.980475664138794,21,Status.VERIFIED,-0.132485032081604,SA3:,30.641138792037964,21,Status.VERIFIED,-0.132485032081604,SA4:,30.59688973426819,21,Status.VERIFIED,-0.132485032081604,SA5:,29.858818769454956,21,Status.VERIFIED,-0.132485032081604
11,0.0196078431372549,SA0:,1003.7941784858704,613,Status.UNKNOWN,-0.640579104423523,SA1:,1001.919427394867,605,Status.UNKNOWN,-0.640579104423523,SA2:,1003.2052066326141,623,Status.UNKNOWN,-0.640579104423523,SA3:,1002.9377105236053,619,Status.UNKNOWN,-0.640579104423523,SA4:,1004.2537100315094,619,Status.UNKNOWN,-0.640579104423523,SA5:,1002.4588804244995,639,Status.UNKNOWN,-0.640579104423523
13,0.0313725490196078,SA0:,9.504613876342773,3,Status.VERIFIED,0.3656996190547943,SA1:,8.941010475158691,3,Status.VERIFIED,0.3656996190547943,SA2:,9.074825525283813,3,Status.VERIFIED,0.3656996190547943,SA3:,8.980033159255981,3,Status.VERIFIED,0.3656996190547943,SA4:,9.251047611236572,3,Status.VERIFIED,0.3656996190547943,SA5:,9.029712915420532,3,Status.VERIFIED,0.3656996190547943
13,0.0352941176470588,SA0:,1004.1459066867828,147,Status.UNKNOWN,-1.0172537565231323,SA1:,1006.5245938301086,151,Status.UNKNOWN,-1.0172537565231323,SA2:,1001.998920917511,147,Status.UNKNOWN,-1.0172537565231323,SA3:,1007.4263660907745,149,Status.UNKNOWN,-1.0172537565231323,SA4:,1011.7272942066193,149,Status.UNKNOWN,-1.0172537565231323,SA5:,1003.4970717430115,149,Status.UNKNOWN,-1.0172537565231323
13,0.0392156862745098,SA0:,1007.8262815475464,109,Status.UNKNOWN,-2.719679117202759,SA1:,1021.9077804088593,111,Status.UNKNOWN,-2.719679117202759,SA2:,1005.012921333313,107,Status.UNKNOWN,-2.719679117202759,SA3:,1011.9654033184052,107,Status.UNKNOWN,-2.719679117202759,SA4:,1008.6636116504669,107,Status.UNKNOWN,-2.719679117202759,SA5:,1017.6924896240234,109,Status.UNKNOWN,-2.719679117202759
13,0.0431372549019607,SA0:,1016.7788517475128,87,Status.UNKNOWN,-4.652608871459961,SA1:,1018.9099669456482,87,Status.UNKNOWN,-4.652608871459961,SA2:,1009.7599017620087,85,Status.UNKNOWN,-4.652608871459961,SA3:,1016.2024102210999,83,Status.UNKNOWN,-4.652608871459961,SA4:,1008.3750479221344,83,Status.UNKNOWN,-4.652608871459961,SA5:,1018.5095942020416,85,Status.UNKNOWN,-4.652608871459961
13,0.0470588235294117,SA0:,1019.5632736682892,67,Status.UNKNOWN,-6.8791704177856445,SA1:,1015.533394575119,67,Status.UNKNOWN,-6.8791704177856445,SA2:,1028.22518324852,69,Status.UNKNOWN,-6.8791704177856445,SA3:,1029.2088208198547,67,Status.UNKNOWN,-6.8791704177856445,SA4:,1021.0372774600983,69,Status.UNKNOWN,-6.8791704177856445,SA5:,1010.5048882961273,69,Status.UNKNOWN,-6.8791704177856445
13,0.0509803921568627,SA0:,1031.5480818748474,59,Status.UNKNOWN,-9.07831859588623,SA1:,1012.3593094348907,59,Status.UNKNOWN,-9.07831859588623,SA2:,1004.0496311187744,57,Status.UNKNOWN,-9.07831859588623,SA3:,1033.9525561332703,59,Status.UNKNOWN,-9.07831859588623,SA4:,1007.4654724597931,57,Status.UNKNOWN,-9.07831859588623,SA5:,1011.9047257900238,59,Status.UNKNOWN,-9.07831859588623
13,0.0549019607843137,SA0:,1028.4452545642853,53,Status.UNKNOWN,-11.446664810180664,SA1:,1004.1565179824829,51,Status.UNKNOWN,-11.446664810180664,SA2:,1029.8907129764557,51,Status.UNKNOWN,-11.446664810180664,SA3:,1029.6762325763702,51,Status.UNKNOWN,-11.446664810180664,SA4:,1024.4845101833344,51,Status.UNKNOWN,-11.446664810180664,SA5:,1014.5875959396362,51,Status.UNKNOWN,-11.446664810180664
13,0.0588235294117647,SA0:,1010.8802750110626,49,Status.UNKNOWN,-14.062503814697266,SA1:,1031.0648567676544,49,Status.UNKNOWN,-14.062503814697266,SA2:,1034.1659979820251,49,Status.UNKNOWN,-14.062503814697266,SA3:,1003.5397455692291,47,Status.UNKNOWN,-14.062503814697266,SA4:,1006.6816940307617,47,Status.UNKNOWN,-14.062503814697266,SA5:,1028.420919418335,49,Status.UNKNOWN,-14.062503814697266
13,0.0627450980392156,SA0:,1023.2300884723663,41,Status.UNKNOWN,-16.722055435180664,SA1:,1027.296058177948,41,Status.UNKNOWN,-16.722055435180664,SA2:,1037.485757112503,41,Status.UNKNOWN,-16.722055435180664,SA3:,1033.5465650558472,41,Status.UNKNOWN,-16.722055435180664,SA4:,1045.7377943992615,41,Status.UNKNOWN,-16.722055435180664,SA5:,1022.875328540802,41,Status.UNKNOWN,-16.722055435180664
14,0.0196078431372549,SA0:,6.054285526275635,3,Status.VERIFIED,0.07983869314193726,SA1:,5.83086085319519,3,Status.VERIFIED,0.07983869314193726,SA2:,6.053045749664307,3,Status.VERIFIED,0.07983869314193726,SA3:,5.915412425994873,3,Status.VERIFIED,0.07983869314193726,SA4:,5.867173433303833,3,Status.VERIFIED,0.07983869314193726,SA5:,6.204977989196777,3,Status.VERIFIED,0.07983869314193726
14,0.0235294117647058,SA0:,1003.1327233314514,607,Status.UNKNOWN,-0.5138681530952454,SA1:,1002.28782081604,609,Status.UNKNOWN,-0.5138681530952454,SA2:,1001.9718174934387,615,Status.UNKNOWN,-0.5138681530952454,SA3:,1003.062924861908,621,Status.UNKNOWN,-0.5138681530952454,SA4:,1002.4012558460236,613,Status.UNKNOWN,-0.5138681530952454,SA5:,1004.2793416976929,615,Status.UNKNOWN,-0.5138681530952454
14,0.0274509803921568,SA0:,1003.7200396060944,183,Status.UNKNOWN,-1.6352159976959229,SA1:,1008.4371531009674,181,Status.UNKNOWN,-1.6352159976959229,SA2:,1004.0954315662384,183,Status.UNKNOWN,-1.6352159976959229,SA3:,1001.5388884544373,181,Status.UNKNOWN,-1.6352159976959229,SA4:,1013.2869012355804,183,Status.UNKNOWN,-1.6352159976959229,SA5:,1013.7376532554626,181,Status.UNKNOWN,-1.6352159976959229
14,0.0313725490196078,SA0:,1017.0755767822266,93,Status.UNKNOWN,-3.012350559234619,SA1:,1007.552784204483,95,Status.UNKNOWN,-3.012350559234619,SA2:,1007.8769466876984,93,Status.UNKNOWN,-3.012350559234619,SA3:,1014.826230764389,91,Status.UNKNOWN,-3.012350559234619,SA4:,1011.6660151481628,91,Status.UNKNOWN,-3.012350559234619,SA5:,1014.9355356693268,93,Status.UNKNOWN,-3.012350559234619
14,0.0352941176470588,SA0:,1004.3339593410492,81,Status.UNKNOWN,-5.663761615753174,SA1:,1011.9838743209839,81,Status.UNKNOWN,-5.663761615753174,SA2:,1020.1570181846619,81,Status.UNKNOWN,-5.663761615753174,SA3:,1007.8490309715271,81,Status.UNKNOWN,-5.663761615753174,SA4:,1017.4892103672028,81,Status.UNKNOWN,-5.663761615753174,SA5:,1016.2770781517029,83,Status.UNKNOWN,-5.663761615753174
14,0.0392156862745098,SA0:,1004.0616607666016,67,Status.UNKNOWN,-8.565732955932617,SA1:,1030.9508550167084,69,Status.UNKNOWN,-8.565732955932617,SA2:,1013.245742559433,67,Status.UNKNOWN,-8.565732955932617,SA3:,1006.345121383667,67,Status.UNKNOWN,-8.565732955932617,SA4:,1004.3607366085052,67,Status.UNKNOWN,-8.565732955932617,SA5:,1024.7421758174896,69,Status.UNKNOWN,-8.565732955932617
15,0.0078431372549019,SA0:,1001.300005197525,517,Status.UNKNOWN,-0.030794911086559296,SA1:,1001.2798557281494,501,Status.UNKNOWN,-0.030794911086559296,SA2:,1001.2982671260834,533,Status.UNKNOWN,-0.030794911086559296,SA3:,1001.3163967132568,523,Status.UNKNOWN,-0.030794911086559296,SA4:,1001.5341410636902,513,Status.UNKNOWN,-0.030794911086559296,SA5:,1001.303750038147,509,Status.UNKNOWN,-0.030794911086559296
16,0.0274509803921568,SA0:,72.77277636528015,31,Status.VERIFIED,-0.01887720823287964,SA1:,72.877272605896,31,Status.VERIFIED,-0.01887720823287964,SA2:,73.16737914085388,31,Status.VERIFIED,-0.01887720823287964,SA3:,73.42324209213257,31,Status.VERIFIED,-0.01887720823287964,SA4:,74.55946898460388,31,Status.VERIFIED,-0.01887720823287964,SA5:,73.68389892578125,31,Status.VERIFIED,-0.01887720823287964
16,0.0313725490196078,SA0:,1003.143794298172,273,Status.UNKNOWN,-0.7306336760520935,SA1:,1003.9119107723236,271,Status.UNKNOWN,-0.7306336760520935,SA2:,1009.039183139801,277,Status.UNKNOWN,-0.7306336760520935,SA3:,1005.9278478622437,279,Status.UNKNOWN,-0.7306336760520935,SA4:,1003.9316830635071,277,Status.UNKNOWN,-0.7306336760520935,SA5:,1005.4594321250916,275,Status.UNKNOWN,-0.7306336760520935
16,0.0352941176470588,SA0:,1014.3761851787567,141,Status.UNKNOWN,-1.2948654890060425,SA1:,1003.6021528244019,141,Status.UNKNOWN,-1.2948654890060425,SA2:,1008.4939112663269,141,Status.UNKNOWN,-1.2948654890060425,SA3:,1009.8311309814453,141,Status.UNKNOWN,-1.2948654890060425,SA4:,1010.7786338329315,143,Status.UNKNOWN,-1.2948654890060425,SA5:,1008.2421886920929,139,Status.UNKNOWN,-1.2948654890060425
16,0.0392156862745098,SA0:,1008.0138187408447,93,Status.UNKNOWN,-3.0388295650482178,SA1:,1007.7236137390137,93,Status.UNKNOWN,-3.0388295650482178,SA2:,1004.6284577846527,95,Status.UNKNOWN,-3.0388295650482178,SA3:,1004.0630977153778,95,Status.UNKNOWN,-3.0388295650482178,SA4:,1006.5479509830475,95,Status.UNKNOWN,-3.0388295650482178,SA5:,1020.1057250499725,95,Status.UNKNOWN,-3.0388295650482178
16,0.0431372549019607,SA0:,1003.7932398319244,81,Status.UNKNOWN,-5.282082557678223,SA1:,1008.4376063346863,83,Status.UNKNOWN,-5.282082557678223,SA2:,1015.6522905826569,83,Status.UNKNOWN,-5.282082557678223,SA3:,1021.0783743858337,85,Status.UNKNOWN,-5.282082557678223,SA4:,1019.8885617256165,85,Status.UNKNOWN,-5.282082557678223,SA5:,1007.5869951248169,85,Status.UNKNOWN,-5.282082557678223
16,0.0470588235294117,SA0:,1009.6570944786072,69,Status.UNKNOWN,-7.754417896270752,SA1:,1013.5449995994568,71,Status.UNKNOWN,-7.754417896270752,SA2:,1010.7510621547699,69,Status.UNKNOWN,-7.754417896270752,SA3:,1011.2067892551422,69,Status.UNKNOWN,-7.754417896270752,SA4:,1008.310708284378,69,Status.UNKNOWN,-7.754417896270752,SA5:,1024.9007873535156,71,Status.UNKNOWN,-7.754417896270752
16,0.0509803921568627,SA0:,1024.0432181358337,59,Status.UNKNOWN,-10.60314655303955,SA1:,1018.0846302509308,59,Status.UNKNOWN,-10.60314655303955,SA2:,1005.47376537323,59,Status.UNKNOWN,-10.60314655303955,SA3:,1022.2948203086853,59,Status.UNKNOWN,-10.60314655303955,SA4:,1028.8681020736694,59,Status.UNKNOWN,-10.60314655303955,SA5:,1011.5795059204102,59,Status.UNKNOWN,-10.60314655303955
16,0.0549019607843137,SA0:,1027.9687640666962,51,Status.UNKNOWN,-13.735589981079102,SA1:,1027.6445076465607,51,Status.UNKNOWN,-13.735589981079102,SA2:,1017.1235082149506,51,Status.UNKNOWN,-13.735589981079102,SA3:,1007.6020302772522,51,Status.UNKNOWN,-13.735589981079102,SA4:,1015.9151811599731,51,Status.UNKNOWN,-13.735589981079102,SA5:,1012.8292348384857,51,Status.UNKNOWN,-13.735589981079102
16,0.0588235294117647,SA0:,1022.5104506015778,43,Status.UNKNOWN,-17.210918426513672,SA1:,1018.749635219574,43,Status.UNKNOWN,-17.210918426513672,SA2:,1003.1632010936737,43,Status.UNKNOWN,-17.210918426513672,SA3:,1014.4960746765137,43,Status.UNKNOWN,-17.210918426513672,SA4:,1024.9988639354706,43,Status.UNKNOWN,-17.210918426513672,SA5:,1010.3730432987213,43,Status.UNKNOWN,-17.210918426513672
16,0.0627450980392156,SA0:,1060.8965137004852,37,Status.UNKNOWN,-20.7605037689209,SA1:,1024.6429760456085,35,Status.UNKNOWN,-20.7605037689209,SA2:,1010.1610310077667,35,Status.UNKNOWN,-20.7605037689209,SA3:,1055.631959438324,37,Status.UNKNOWN,-20.7605037689209,SA4:,1036.1674346923828,37,Status.UNKNOWN,-20.7605037689209,SA5:,1060.912383556366,37,Status.UNKNOWN,-20.7605037689209
18,0.0117647058823529,SA0:,4.692775726318359,3,Status.VERIFIED,0.017522918060421944,SA1:,4.56418251991272,3,Status.VERIFIED,0.017522918060421944,SA2:,5.100744247436523,3,Status.VERIFIED,0.017522918060421944,SA3:,4.806058406829834,3,Status.VERIFIED,0.017522918060421944,SA4:,4.951828479766846,3,Status.VERIFIED,0.017522918060421944,SA5:,5.019083261489868,3,Status.VERIFIED,0.017522918060421944
19,0.0117647058823529,SA0:,1002.7149307727814,769,Status.UNKNOWN,-0.3028682768344879,SA1:,1002.7557330131531,767,Status.UNKNOWN,-0.3028682768344879,SA2:,1003.3716917037964,751,Status.UNKNOWN,-0.3028682768344879,SA3:,1002.1800532341003,745,Status.UNKNOWN,-0.3028682768344879,SA4:,1001.737799167633,769,Status.UNKNOWN,-0.3028682768344879,SA5:,1003.4750759601593,759,Status.UNKNOWN,-0.3028682768344879
20,0.0196078431372549,SA0:,1001.4201560020447,499,Status.UNKNOWN,-0.9175733923912048,SA1:,1006.3830215930939,501,Status.UNKNOWN,-0.9175733923912048,SA2:,1003.2504124641418,503,Status.UNKNOWN,-0.9175733923912048,SA3:,1004.9707851409912,487,Status.UNKNOWN,-0.9175733923912048,SA4:,1005.3283655643463,491,Status.UNKNOWN,-0.9175733923912048,SA5:,1004.3982706069946,499,Status.UNKNOWN,-0.9175733923912048
20,0.0235294117647058,SA0:,1006.5387048721313,215,Status.UNKNOWN,-2.1425609588623047,SA1:,1008.5796051025391,207,Status.UNKNOWN,-2.1425609588623047,SA2:,1001.8279278278351,207,Status.UNKNOWN,-2.1425609588623047,SA3:,1001.7400941848755,203,Status.UNKNOWN,-2.1425609588623047,SA4:,1010.7051799297333,207,Status.UNKNOWN,-2.1425609588623047,SA5:,1002.1671710014343,209,Status.UNKNOWN,-2.1425609588623047
21,0.0274509803921568,SA0:,5.007275104522705,3,Status.VERIFIED,0.0037593061570078135,SA1:,4.88289213180542,3,Status.VERIFIED,0.0037593061570078135,SA2:,5.052480220794678,3,Status.VERIFIED,0.0037593061570078135,SA3:,4.8558526039123535,3,Status.VERIFIED,0.0037593061570078135,SA4:,4.847562074661255,3,Status.VERIFIED,0.0037593061570078135,SA5:,5.056318759918213,3,Status.VERIFIED,0.0037593061570078135
21,0.0313725490196078,SA0:,1001.9123749732971,767,Status.UNKNOWN,-0.318644255399704,SA1:,1002.8359127044678,767,Status.UNKNOWN,-0.318644255399704,SA2:,1001.8412752151489,777,Status.UNKNOWN,-0.318644255399704,SA3:,1003.56791639328,767,Status.UNKNOWN,-0.318644255399704,SA4:,1002.9916276931763,747,Status.UNKNOWN,-0.318644255399704,SA5:,1002.5549046993256,723,Status.UNKNOWN,-0.318644255399704
21,0.0352941176470588,SA0:,1002.5322580337524,643,Status.UNKNOWN,-0.7235246896743774,SA1:,1001.8739037513733,629,Status.UNKNOWN,-0.7235246896743774,SA2:,1004.1115407943726,627,Status.UNKNOWN,-0.7235246896743774,SA3:,1003.4488704204559,621,Status.UNKNOWN,-0.7235246896743774,SA4:,1004.4276332855225,627,Status.UNKNOWN,-0.7235246896743774,SA5:,1003.0379393100739,649,Status.UNKNOWN,-0.7235246896743774
21,0.0392156862745098,SA0:,1002.1184322834015,609,Status.UNKNOWN,-1.167332410812378,SA1:,1002.8956518173218,617,Status.UNKNOWN,-1.167332410812378,SA2:,1002.3131773471832,605,Status.UNKNOWN,-1.167332410812378,SA3:,1001.7853055000305,611,Status.UNKNOWN,-1.167332410812378,SA4:,1003.4908657073975,597,Status.UNKNOWN,-1.167332410812378,SA5:,1004.701105594635,591,Status.UNKNOWN,-1.167332410812378
21,0.0431372549019607,SA0:,1003.9653570652008,521,Status.UNKNOWN,-1.7775386571884155,SA1:,1004.9906737804413,529,Status.UNKNOWN,-1.7775386571884155,SA2:,1002.236855506897,519,Status.UNKNOWN,-1.7775386571884155,SA3:,1002.1985573768616,523,Status.UNKNOWN,-1.7775386571884155,SA4:,1004.3220951557159,531,Status.UNKNOWN,-1.7775386571884155,SA5:,1003.7718431949615,525,Status.UNKNOWN,-1.7775386571884155
21,0.0470588235294117,SA0:,1007.5771563053131,291,Status.UNKNOWN,-2.5020124912261963,SA1:,1004.2404346466064,291,Status.UNKNOWN,-2.5020124912261963,SA2:,1004.8068053722382,291,Status.UNKNOWN,-2.5020124912261963,SA3:,1002.3982574939728,291,Status.UNKNOWN,-2.5020124912261963,SA4:,1006.2135982513428,293,Status.UNKNOWN,-2.5020124912261963,SA5:,1004.0960507392883,289,Status.UNKNOWN,-2.5020124912261963
21,0.0509803921568627,SA0:,13.219631910324097,2,Status.VERIFIED,,SA1:,12.808101892471313,2,Status.VERIFIED,,SA2:,12.922125577926636,2,Status.VERIFIED,,SA3:,12.756022453308105,2,Status.VERIFIED,,SA4:,12.79675030708313,2,Status.VERIFIED,,SA5:,12.940585613250732,2,Status.VERIFIED,
23,0.0078431372549019,SA0:,9.772367000579834,7,Status.VERIFIED,-0.03219631686806679,SA1:,9.921294212341309,7,Status.VERIFIED,-0.03219631686806679,SA2:,10.17952585220337,7,Status.VERIFIED,-0.03219631686806679,SA3:,9.741875648498535,7,Status.VERIFIED,-0.03219631686806679,SA4:,10.027494668960571,7,Status.VERIFIED,-0.03219631686806679,SA5:,9.507035493850708,7,Status.VERIFIED,-0.03219631686806679
26,0.0117647058823529,SA0:,67.9789605140686,51,Status.VERIFIED,-0.037053655833005905,SA1:,69.46298885345459,51,Status.VERIFIED,-0.037053655833005905,SA2:,68.04778265953064,51,Status.VERIFIED,-0.037053655833005905,SA3:,68.11318397521973,51,Status.VERIFIED,-0.037053655833005905,SA4:,69.37793803215027,51,Status.VERIFIED,-0.037053655833005905,SA5:,69.29401993751526,51,Status.VERIFIED,-0.037053655833005905
29,0.0196078431372549,SA0:,45.97680187225342,17,Status.VERIFIED,-0.7011634707450867,SA1:,45.51285433769226,17,Status.VERIFIED,-0.7011634707450867,SA2:,45.681617736816406,17,Status.VERIFIED,-0.7011634707450867,SA3:,45.349942684173584,17,Status.VERIFIED,-0.7011634707450867,SA4:,45.5682168006897,17,Status.VERIFIED,-0.7011634707450867,SA5:,45.617106676101685,17,Status.VERIFIED,-0.7011634707450867
29,0.0235294117647058,SA0:,1005.2404110431671,255,Status.UNKNOWN,-2.163757801055908,SA1:,1004.1177725791931,257,Status.UNKNOWN,-2.163757801055908,SA2:,1007.9611957073212,257,Status.UNKNOWN,-2.163757801055908,SA3:,1008.2746102809906,257,Status.UNKNOWN,-2.163757801055908,SA4:,1008.4238243103027,259,Status.UNKNOWN,-2.163757801055908,SA5:,1003.8555109500885,257,Status.UNKNOWN,-2.163757801055908
29,0.0274509803921568,SA0:,1003.0208485126495,109,Status.UNKNOWN,-3.9289770126342773,SA1:,1015.2489173412323,111,Status.UNKNOWN,-3.9289770126342773,SA2:,1005.1606409549713,109,Status.UNKNOWN,-3.9289770126342773,SA3:,1009.991466999054,111,Status.UNKNOWN,-3.9289770126342773,SA4:,1009.9783110618591,111,Status.UNKNOWN,-3.9289770126342773,SA5:,1017.202508687973,111,Status.UNKNOWN,-3.9289770126342773
29,0.0313725490196078,SA0:,1018.229508638382,91,Status.UNKNOWN,-5.866074562072754,SA1:,1005.8808405399323,89,Status.UNKNOWN,-5.866074562072754,SA2:,1014.6884489059448,91,Status.UNKNOWN,-5.866074562072754,SA3:,1014.7242164611816,91,Status.UNKNOWN,-5.866074562072754,SA4:,1019.7468192577362,91,Status.UNKNOWN,-5.866074562072754,SA5:,1010.0088384151459,89,Status.UNKNOWN,-5.866074562072754
29,0.0352941176470588,SA0:,119.28347110748291,9,Status.ADV_EXAMPLE,-7.99541711807251,SA1:,91.88599252700806,7,Status.ADV_EXAMPLE,-7.99541711807251,SA2:,91.57216596603394,7,Status.ADV_EXAMPLE,-7.99541711807251,SA3:,226.2660596370697,17,Status.ADV_EXAMPLE,-7.99541711807251,SA4:,277.5219130516052,21,Status.ADV_EXAMPLE,-7.99541711807251,SA5:,170.49580121040344,13,Status.ADV_EXAMPLE,-7.99541711807251
32,0.0117647058823529,SA0:,1004.6720819473267,561,Status.UNKNOWN,-0.4124636948108673,SA1:,1004.1689875125885,559,Status.UNKNOWN,-0.4124636948108673,SA2:,1002.9437458515167,559,Status.UNKNOWN,-0.4124636948108673,SA3:,1004.8901870250702,565,Status.UNKNOWN,-0.4124636948108673,SA4:,1002.1743850708008,573,Status.UNKNOWN,-0.4124636948108673,SA5:,1005.0495510101318,581,Status.UNKNOWN,-0.4124636948108673
34,0.0235294117647058,SA0:,29.973336935043335,21,Status.VERIFIED,-0.22117695212364197,SA1:,30.156511545181274,21,Status.VERIFIED,-0.22117695212364197,SA2:,30.04073667526245,21,Status.VERIFIED,-0.22117695212364197,SA3:,29.972039699554443,21,Status.VERIFIED,-0.22117695212364197,SA4:,29.9945285320282,21,Status.VERIFIED,-0.22117695212364197,SA5:,29.969698667526245,21,Status.VERIFIED,-0.22117695212364197
34,0.0274509803921568,SA0:,1001.6994247436523,319,Status.UNKNOWN,-1.546520709991455,SA1:,1005.7054679393768,319,Status.UNKNOWN,-1.546520709991455,SA2:,1005.3320276737213,315,Status.UNKNOWN,-1.546520709991455,SA3:,1004.9679081439972,315,Status.UNKNOWN,-1.546520709991455,SA4:,1006.2347736358643,319,Status.UNKNOWN,-1.546520709991455,SA5:,1004.2521615028381,315,Status.UNKNOWN,-1.546520709991455
34,0.0313725490196078,SA0:,1002.9386291503906,133,Status.UNKNOWN,-3.2462940216064453,SA1:,1013.3972504138947,135,Status.UNKNOWN,-3.2462940216064453,SA2:,1011.2072443962097,135,Status.UNKNOWN,-3.2462940216064453,SA3:,1014.8383030891418,135,Status.UNKNOWN,-3.2462940216064453,SA4:,1014.5326175689697,135,Status.UNKNOWN,-3.2462940216064453,SA5:,1014.3476846218109,135,Status.UNKNOWN,-3.2462940216064453
34,0.0352941176470588,SA0:,1013.690915107727,87,Status.UNKNOWN,-5.339106559753418,SA1:,1019.2174251079559,87,Status.UNKNOWN,-5.339106559753418,SA2:,1013.2798173427582,85,Status.UNKNOWN,-5.339106559753418,SA3:,1004.3175566196442,87,Status.UNKNOWN,-5.339106559753418,SA4:,1018.3230502605438,87,Status.UNKNOWN,-5.339106559753418,SA5:,1008.6630334854126,87,Status.UNKNOWN,-5.339106559753418
34,0.0392156862745098,SA0:,1027.6281266212463,73,Status.UNKNOWN,-7.895267963409424,SA1:,1025.3923680782318,73,Status.UNKNOWN,-7.895267963409424,SA2:,1024.149787902832,73,Status.UNKNOWN,-7.895267963409424,SA3:,1010.2933247089386,73,Status.UNKNOWN,-7.895267963409424,SA4:,1011.1062834262848,73,Status.UNKNOWN,-7.895267963409424,SA5:,1003.6780571937561,71,Status.UNKNOWN,-7.895267963409424
34,0.0431372549019607,SA0:,1015.4072957038879,55,Status.UNKNOWN,-10.730759620666504,SA1:,1024.7201237678528,55,Status.UNKNOWN,-10.730759620666504,SA2:,1005.9908430576324,55,Status.UNKNOWN,-10.730759620666504,SA3:,1010.1189420223236,55,Status.UNKNOWN,-10.730759620666504,SA4:,1032.715511083603,57,Status.UNKNOWN,-10.730759620666504,SA5:,1027.4057013988495,57,Status.UNKNOWN,-10.730759620666504
34,0.0470588235294117,SA0:,1030.1645724773407,45,Status.UNKNOWN,-13.789214134216309,SA1:,1017.6120691299438,45,Status.UNKNOWN,-13.789214134216309,SA2:,1010.9090278148651,45,Status.UNKNOWN,-13.789214134216309,SA3:,1025.0035121440887,45,Status.UNKNOWN,-13.789214134216309,SA4:,1020.0068180561066,45,Status.UNKNOWN,-13.789214134216309,SA5:,1025.551676273346,45,Status.UNKNOWN,-13.789214134216309
34,0.0509803921568627,SA0:,1010.9240746498108,37,Status.UNKNOWN,-17.054954528808594,SA1:,1004.6825749874115,37,Status.UNKNOWN,-17.054954528808594,SA2:,1018.6011040210724,37,Status.UNKNOWN,-17.054954528808594,SA3:,1026.503960609436,37,Status.UNKNOWN,-17.054954528808594,SA4:,1036.621902704239,37,Status.UNKNOWN,-17.054954528808594,SA5:,1002.8793165683746,35,Status.UNKNOWN,-17.054954528808594
34,0.0549019607843137,SA0:,1062.204592704773,31,Status.UNKNOWN,-20.505956649780273,SA1:,1048.844833612442,31,Status.UNKNOWN,-20.505956649780273,SA2:,1026.8899121284485,31,Status.UNKNOWN,-20.505956649780273,SA3:,1046.943033695221,31,Status.UNKNOWN,-20.505956649780273,SA4:,1049.3662338256836,31,Status.UNKNOWN,-20.505956649780273,SA5:,1042.558911561966,31,Status.UNKNOWN,-20.505956649780273
34,0.0588235294117647,SA0:,1058.9390246868134,27,Status.UNKNOWN,-24.148895263671875,SA1:,1048.6889688968658,27,Status.UNKNOWN,-24.148895263671875,SA2:,1063.5018315315247,27,Status.UNKNOWN,-24.148895263671875,SA3:,1032.3625848293304,27,Status.UNKNOWN,-24.148895263671875,SA4:,1048.3195612430573,27,Status.UNKNOWN,-24.148895263671875,SA5:,1050.8400447368622,27,Status.UNKNOWN,-24.148895263671875
34,0.0627450980392156,SA0:,1061.135590314865,23,Status.UNKNOWN,-27.946496963500977,SA1:,1042.1306149959564,23,Status.UNKNOWN,-27.946496963500977,SA2:,1055.4512329101562,23,Status.UNKNOWN,-27.946496963500977,SA3:,1048.5840048789978,23,Status.UNKNOWN,-27.946496963500977,SA4:,1048.4299666881561,23,Status.UNKNOWN,-27.946496963500977,SA5:,1044.5129199028015,23,Status.UNKNOWN,-27.946496963500977
38,0.0196078431372549,SA0:,24.442670106887817,15,Status.VERIFIED,-0.12081146985292435,SA1:,24.420119285583496,15,Status.VERIFIED,-0.12081146985292435,SA2:,24.58113741874695,15,Status.VERIFIED,-0.12081146985292435,SA3:,24.46488332748413,15,Status.VERIFIED,-0.12081146985292435,SA4:,24.297576665878296,15,Status.VERIFIED,-0.12081146985292435,SA5:,24.340391635894775,15,Status.VERIFIED,-0.12081146985292435
38,0.0235294117647058,SA0:,1006.8125326633453,379,Status.UNKNOWN,-0.9183715581893921,SA1:,1004.0811474323273,375,Status.UNKNOWN,-0.9183715581893921,SA2:,1002.40251994133,379,Status.UNKNOWN,-0.9183715581893921,SA3:,1001.5161747932434,379,Status.UNKNOWN,-0.9183715581893921,SA4:,1003.270516872406,383,Status.UNKNOWN,-0.9183715581893921,SA5:,1002.4880700111389,383,Status.UNKNOWN,-0.9183715581893921
39,0.0117647058823529,SA0:,5.294459104537964,3,Status.VERIFIED,0.005505015607923269,SA1:,5.134168863296509,3,Status.VERIFIED,0.005505015607923269,SA2:,5.186589241027832,3,Status.VERIFIED,0.005505015607923269,SA3:,5.328696012496948,3,Status.VERIFIED,0.005505015607923269,SA4:,5.153087139129639,3,Status.VERIFIED,0.005505015607923269,SA5:,5.355263710021973,3,Status.VERIFIED,0.005505015607923269
39,0.0156862745098039,SA0:,1005.026846408844,327,Status.UNKNOWN,-0.817747950553894,SA1:,1004.3676896095276,327,Status.UNKNOWN,-0.817747950553894,SA2:,1002.5622797012329,327,Status.UNKNOWN,-0.817747950553894,SA3:,1003.4082436561584,327,Status.UNKNOWN,-0.817747950553894,SA4:,1001.9769110679626,325,Status.UNKNOWN,-0.817747950553894,SA5:,1003.6723916530609,325,Status.UNKNOWN,-0.817747950553894
41,0.0274509803921568,SA0:,1008.2238640785217,249,Status.UNKNOWN,-0.4115299880504608,SA1:,1009.0936515331268,249,Status.UNKNOWN,-0.4115299880504608,SA2:,1002.6500065326691,247,Status.UNKNOWN,-0.4115299880504608,SA3:,1006.9922630786896,247,Status.UNKNOWN,-0.4115299880504608,SA4:,1002.1715695858002,243,Status.UNKNOWN,-0.4115299880504608,SA5:,1005.9948003292084,249,Status.UNKNOWN,-0.4115299880504608
41,0.0313725490196078,SA0:,1007.8421633243561,113,Status.UNKNOWN,-1.4635964632034302,SA1:,1017.7891669273376,115,Status.UNKNOWN,-1.4635964632034302,SA2:,1008.3053784370422,113,Status.UNKNOWN,-1.4635964632034302,SA3:,1013.600016117096,113,Status.UNKNOWN,-1.4635964632034302,SA4:,1006.4769361019135,113,Status.UNKNOWN,-1.4635964632034302,SA5:,1015.0000185966492,113,Status.UNKNOWN,-1.4635964632034302
41,0.0352941176470588,SA0:,1016.8795294761658,83,Status.UNKNOWN,-3.3477489948272705,SA1:,1008.0240817070007,83,Status.UNKNOWN,-3.3477489948272705,SA2:,1007.6470835208893,83,Status.UNKNOWN,-3.3477489948272705,SA3:,1024.921019077301,85,Status.UNKNOWN,-3.3477489948272705,SA4:,1022.7822782993317,85,Status.UNKNOWN,-3.3477489948272705,SA5:,1023.1282458305359,85,Status.UNKNOWN,-3.3477489948272705
41,0.0392156862745098,SA0:,1011.238935470581,69,Status.UNKNOWN,-5.52155065536499,SA1:,1010.6002867221832,69,Status.UNKNOWN,-5.52155065536499,SA2:,1012.0538184642792,69,Status.UNKNOWN,-5.52155065536499,SA3:,1014.0947053432465,67,Status.UNKNOWN,-5.52155065536499,SA4:,1009.2055411338806,69,Status.UNKNOWN,-5.52155065536499,SA5:,1011.5524160861969,69,Status.UNKNOWN,-5.52155065536499
41,0.0431372549019607,SA0:,1031.1773595809937,59,Status.UNKNOWN,-7.8517584800720215,SA1:,1008.4329328536987,57,Status.UNKNOWN,-7.8517584800720215,SA2:,1008.4379777908325,57,Status.UNKNOWN,-7.8517584800720215,SA3:,1009.967071056366,57,Status.UNKNOWN,-7.8517584800720215,SA4:,1020.8900995254517,59,Status.UNKNOWN,-7.8517584800720215,SA5:,1021.3969311714172,57,Status.UNKNOWN,-7.8517584800720215
41,0.0470588235294117,SA0:,1026.800997018814,47,Status.UNKNOWN,-10.378640174865723,SA1:,1006.1555142402649,45,Status.UNKNOWN,-10.378640174865723,SA2:,1033.6767857074738,47,Status.UNKNOWN,-10.378640174865723,SA3:,1002.0820014476776,45,Status.UNKNOWN,-10.378640174865723,SA4:,1020.9965469837189,47,Status.UNKNOWN,-10.378640174865723,SA5:,1023.7020707130432,47,Status.UNKNOWN,-10.378640174865723
41,0.0509803921568627,SA0:,1049.2931385040283,39,Status.UNKNOWN,-13.141691207885742,SA1:,1006.3244459629059,37,Status.UNKNOWN,-13.141691207885742,SA2:,1048.7563846111298,39,Status.UNKNOWN,-13.141691207885742,SA3:,1050.0761940479279,39,Status.UNKNOWN,-13.141691207885742,SA4:,1052.2330503463745,39,Status.UNKNOWN,-13.141691207885742,SA5:,1052.9748885631561,39,Status.UNKNOWN,-13.141691207885742
41,0.0549019607843137,SA0:,1053.0358006954193,35,Status.UNKNOWN,-16.122453689575195,SA1:,1037.1027159690857,35,Status.UNKNOWN,-16.122453689575195,SA2:,1043.3617725372314,35,Status.UNKNOWN,-16.122453689575195,SA3:,1031.8334712982178,35,Status.UNKNOWN,-16.122453689575195,SA4:,1034.286467552185,35,Status.UNKNOWN,-16.122453689575195,SA5:,1039.2521874904633,35,Status.UNKNOWN,-16.122453689575195
41,0.0588235294117647,SA0:,1036.5220589637756,29,Status.UNKNOWN,-19.371315002441406,SA1:,1033.3276178836823,29,Status.UNKNOWN,-19.371315002441406,SA2:,1043.148363828659,29,Status.UNKNOWN,-19.371315002441406,SA3:,1052.688324689865,29,Status.UNKNOWN,-19.371315002441406,SA4:,1050.0994572639465,29,Status.UNKNOWN,-19.371315002441406,SA5:,1068.3116183280945,29,Status.UNKNOWN,-19.371315002441406
41,0.0627450980392156,SA0:,1084.370079278946,27,Status.UNKNOWN,-22.764902114868164,SA1:,1005.0317118167877,25,Status.UNKNOWN,-22.764902114868164,SA2:,1007.9495451450348,25,Status.UNKNOWN,-22.764902114868164,SA3:,1006.6368796825409,25,Status.UNKNOWN,-22.764902114868164,SA4:,1019.5752592086792,25,Status.UNKNOWN,-22.764902114868164,SA5:,1010.9487609863281,25,Status.UNKNOWN,-22.764902114868164
43,0.0078431372549019,SA0:,1001.4001157283783,751,Status.UNKNOWN,-0.0271432027220726,SA1:,1001.3320581912994,727,Status.UNKNOWN,-0.0271432027220726,SA2:,1001.3474788665771,749,Status.UNKNOWN,-0.0271432027220726,SA3:,1001.3823149204254,745,Status.UNKNOWN,-0.0271432027220726,SA4:,1001.3741481304169,733,Status.UNKNOWN,-0.0271432027220726,SA5:,1001.4642624855042,729,Status.UNKNOWN,-0.0271432027220726
44,0.0235294117647058,SA0:,1003.4346981048584,365,Status.UNKNOWN,-0.762849748134613,SA1:,1006.9833097457886,369,Status.UNKNOWN,-0.762849748134613,SA2:,1006.5508320331573,367,Status.UNKNOWN,-0.762849748134613,SA3:,1002.3848540782928,367,Status.UNKNOWN,-0.762849748134613,SA4:,1001.8355662822723,363,Status.UNKNOWN,-0.762849748134613,SA5:,1005.839869260788,365,Status.UNKNOWN,-0.762849748134613
44,0.0274509803921568,SA0:,1004.9492902755737,255,Status.UNKNOWN,-1.959299087524414,SA1:,1006.2718105316162,253,Status.UNKNOWN,-1.959299087524414,SA2:,1006.9390091896057,253,Status.UNKNOWN,-1.959299087524414,SA3:,1002.8434784412384,253,Status.UNKNOWN,-1.959299087524414,SA4:,1003.8422720432281,251,Status.UNKNOWN,-1.959299087524414,SA5:,1005.8463439941406,253,Status.UNKNOWN,-1.959299087524414
44,0.0313725490196078,SA0:,1003.2442378997803,165,Status.UNKNOWN,-3.323490858078003,SA1:,1005.9057517051697,165,Status.UNKNOWN,-3.323490858078003,SA2:,1012.2888793945312,165,Status.UNKNOWN,-3.323490858078003,SA3:,1003.9539096355438,165,Status.UNKNOWN,-3.323490858078003,SA4:,1006.2061841487885,165,Status.UNKNOWN,-3.323490858078003,SA5:,1002.379965543747,163,Status.UNKNOWN,-3.323490858078003
45,0.0274509803921568,SA0:,240.22862792015076,107,Status.VERIFIED,-0.2851881682872772,SA1:,239.35945081710815,107,Status.VERIFIED,-0.2851881682872772,SA2:,240.2815408706665,107,Status.VERIFIED,-0.2851881682872772,SA3:,238.93255305290222,107,Status.VERIFIED,-0.2851881682872772,SA4:,239.93776559829712,107,Status.VERIFIED,-0.2851881682872772,SA5:,239.30039143562317,107,Status.VERIFIED,-0.2851881682872772
45,0.0313725490196078,SA0:,1006.8762483596802,193,Status.UNKNOWN,-1.914038062095642,SA1:,1008.4898250102997,193,Status.UNKNOWN,-1.914038062095642,SA2:,1008.8237707614899,193,Status.UNKNOWN,-1.914038062095642,SA3:,1001.8459520339966,191,Status.UNKNOWN,-1.914038062095642,SA4:,1011.0586154460907,191,Status.UNKNOWN,-1.914038062095642,SA5:,1006.716157913208,167,Status.UNKNOWN,-1.914038062095642
45,0.0352941176470588,SA0:,1012.0199837684631,95,Status.UNKNOWN,-3.882615089416504,SA1:,1012.4612007141113,95,Status.UNKNOWN,-3.882615089416504,SA2:,1003.5927579402924,95,Status.UNKNOWN,-3.882615089416504,SA3:,1004.8100316524506,97,Status.UNKNOWN,-3.882615089416504,SA4:,1014.2571332454681,101,Status.UNKNOWN,-3.882615089416504,SA5:,1014.2380919456482,99,Status.UNKNOWN,-3.882615089416504
45,0.0392156862745098,SA0:,1005.9779155254364,77,Status.UNKNOWN,-6.60808801651001,SA1:,1013.5856578350067,77,Status.UNKNOWN,-6.60808801651001,SA2:,1003.049439907074,79,Status.UNKNOWN,-6.60808801651001,SA3:,1015.1337497234344,77,Status.UNKNOWN,-6.60808801651001,SA4:,1032.0853033065796,69,Status.UNKNOWN,-6.60808801651001,SA5:,1020.2431464195251,81,Status.UNKNOWN,-6.60808801651001
45,0.0431372549019607,SA0:,1001.7756984233856,67,Status.UNKNOWN,-9.182039260864258,SA1:,1041.8694996833801,71,Status.UNKNOWN,-9.182039260864258,SA2:,1020.6645355224609,69,Status.UNKNOWN,-9.182039260864258,SA3:,1033.580773115158,67,Status.UNKNOWN,-9.182039260864258,SA4:,1019.299441576004,71,Status.UNKNOWN,-9.182039260864258,SA5:,1018.710839509964,71,Status.UNKNOWN,-9.182039260864258
45,0.0470588235294117,SA0:,1039.19255900383,61,Status.UNKNOWN,-12.378211975097656,SA1:,1020.7649283409119,59,Status.UNKNOWN,-12.378211975097656,SA2:,1034.564435005188,59,Status.UNKNOWN,-12.378211975097656,SA3:,1027.71582365036,59,Status.UNKNOWN,-12.378211975097656,SA4:,1018.6714084148407,53,Status.UNKNOWN,-12.378211975097656,SA5:,1003.6063416004181,53,Status.UNKNOWN,-12.378211975097656
45,0.0509803921568627,SA0:,1015.4337208271027,45,Status.UNKNOWN,-15.546930313110352,SA1:,1032.43918466568,45,Status.UNKNOWN,-15.546930313110352,SA2:,1009.9894068241119,43,Status.UNKNOWN,-15.546930313110352,SA3:,1017.944411277771,49,Status.UNKNOWN,-15.546930313110352,SA4:,1030.8656795024872,53,Status.UNKNOWN,-15.546930313110352,SA5:,1032.0309042930603,49,Status.UNKNOWN,-15.546930313110352
45,0.0549019607843137,SA0:,1016.5885276794434,43,Status.UNKNOWN,-19.084548950195312,SA1:,1024.7198889255524,43,Status.UNKNOWN,-19.084548950195312,SA2:,1020.1449613571167,43,Status.UNKNOWN,-19.084548950195312,SA3:,1038.499736070633,43,Status.UNKNOWN,-19.084548950195312,SA4:,1027.9330203533173,45,Status.UNKNOWN,-19.084548950195312,SA5:,1013.8438286781311,45,Status.UNKNOWN,-19.084548950195312
45,0.0588235294117647,SA0:,1028.999706029892,37,Status.UNKNOWN,-22.891357421875,SA1:,1016.827558517456,37,Status.UNKNOWN,-22.891357421875,SA2:,1018.6724421977997,37,Status.UNKNOWN,-22.891357421875,SA3:,1022.0223116874695,37,Status.UNKNOWN,-22.891357421875,SA4:,1034.0524051189423,41,Status.UNKNOWN,-22.891357421875,SA5:,1047.067566394806,39,Status.UNKNOWN,-22.891357421875
45,0.0627450980392156,SA0:,1038.1094279289246,31,Status.UNKNOWN,-26.724931716918945,SA1:,1069.0837800502777,33,Status.UNKNOWN,-26.724931716918945,SA2:,1003.9079604148865,31,Status.UNKNOWN,-26.724931716918945,SA3:,1022.4370203018188,33,Status.UNKNOWN,-26.724931716918945,SA4:,1063.5188381671906,27,Status.UNKNOWN,-26.724931716918945,SA5:,1080.836566209793,25,Status.UNKNOWN,-26.724931716918945
46,0.0156862745098039,SA0:,1006.4962694644928,277,Status.UNKNOWN,-0.12328722327947617,SA1:,1009.1106390953064,317,Status.UNKNOWN,-0.12328722327947617,SA2:,1007.5513060092926,335,Status.UNKNOWN,-0.12328722327947617,SA3:,1015.5651230812073,337,Status.UNKNOWN,-0.12328722327947617,SA4:,1015.0672338008881,353,Status.UNKNOWN,-0.12328722327947617,SA5:,1013.5875959396362,319,Status.UNKNOWN,-0.12328722327947617
50,0.0235294117647058,SA0:,32.1182165145874,7,Status.VERIFIED,-0.050229478627443314,SA1:,11.500096321105957,7,Status.VERIFIED,-0.050229478627443314,SA2:,10.9906587600708,7,Status.VERIFIED,-0.050229478627443314,SA3:,42.6954185962677,7,Status.VERIFIED,-0.050229478627443314,SA4:,11.46469783782959,7,Status.VERIFIED,-0.050229478627443314,SA5:,11.23738980293274,7,Status.VERIFIED,-0.050229478627443314
50,0.0274509803921568,SA0:,1004.2464230060577,171,Status.UNKNOWN,-1.0958971977233887,SA1:,1006.3513779640198,169,Status.UNKNOWN,-1.0958971977233887,SA2:,1007.0252282619476,163,Status.UNKNOWN,-1.0958971977233887,SA3:,1003.4752023220062,159,Status.UNKNOWN,-1.0958971977233887,SA4:,1005.1723940372467,235,Status.UNKNOWN,-1.0958971977233887,SA5:,1007.996949672699,185,Status.UNKNOWN,-1.0958971977233887
50,0.0313725490196078,SA0:,1012.605548620224,125,Status.UNKNOWN,-2.3585877418518066,SA1:,1019.3261001110077,135,Status.UNKNOWN,-2.3585877418518066,SA2:,1014.9458684921265,131,Status.UNKNOWN,-2.3585877418518066,SA3:,1005.4332275390625,133,Status.UNKNOWN,-2.3585877418518066,SA4:,1014.039849281311,129,Status.UNKNOWN,-2.3585877418518066,SA5:,1016.5500009059906,123,Status.UNKNOWN,-2.3585877418518066
50,0.0352941176470588,SA0:,1018.4943783283234,83,Status.UNKNOWN,-3.927551031112671,SA1:,1016.3612682819366,83,Status.UNKNOWN,-3.927551031112671,SA2:,1028.590211391449,87,Status.UNKNOWN,-3.927551031112671,SA3:,1013.0208010673523,87,Status.UNKNOWN,-3.927551031112671,SA4:,1002.7648634910583,89,Status.UNKNOWN,-3.927551031112671,SA5:,1009.2004780769348,89,Status.UNKNOWN,-3.927551031112671
50,0.0392156862745098,SA0:,1018.5216407775879,77,Status.UNKNOWN,-5.771975040435791,SA1:,1009.5948677062988,81,Status.UNKNOWN,-5.771975040435791,SA2:,1034.336900472641,75,Status.UNKNOWN,-5.771975040435791,SA3:,1020.622810125351,71,Status.UNKNOWN,-5.771975040435791,SA4:,1010.7367732524872,71,Status.UNKNOWN,-5.771975040435791,SA5:,1010.8383796215057,77,Status.UNKNOWN,-5.771975040435791
50,0.0431372549019607,SA0:,1021.9753246307373,63,Status.UNKNOWN,-7.549473762512207,SA1:,1008.5392558574677,65,Status.UNKNOWN,-7.549473762512207,SA2:,1028.9689090251923,67,Status.UNKNOWN,-7.549473762512207,SA3:,1008.3081512451172,67,Status.UNKNOWN,-7.549473762512207,SA4:,1023.8723194599152,69,Status.UNKNOWN,-7.549473762512207,SA5:,1011.4484219551086,65,Status.UNKNOWN,-7.549473762512207
50,0.0470588235294117,SA0:,1012.8032531738281,59,Status.UNKNOWN,-10.100069999694824,SA1:,1030.5158269405365,57,Status.UNKNOWN,-10.100069999694824,SA2:,1014.1585352420807,63,Status.UNKNOWN,-10.100069999694824,SA3:,1027.2629487514496,67,Status.UNKNOWN,-10.100069999694824,SA4:,1007.278665304184,67,Status.UNKNOWN,-10.100069999694824,SA5:,1006.0913701057434,65,Status.UNKNOWN,-10.100069999694824
50,0.0509803921568627,SA0:,170.16037130355835,9,Status.ADV_EXAMPLE,-12.752203941345215,SA1:,280.9631645679474,15,Status.ADV_EXAMPLE,-12.752203941345215,SA2:,166.7805531024933,9,Status.ADV_EXAMPLE,-12.752203941345215,SA3:,241.86464285850525,13,Status.ADV_EXAMPLE,-12.752203941345215,SA4:,241.6443145275116,13,Status.ADV_EXAMPLE,-12.752203941345215,SA5:,169.35637974739075,9,Status.ADV_EXAMPLE,-12.752203941345215
50,0.0549019607843137,SA0:,58.99482774734497,2,Status.VERIFIED,,SA1:,58.60439395904541,2,Status.VERIFIED,,SA2:,58.50905179977417,2,Status.VERIFIED,,SA3:,58.2626588344574,2,Status.VERIFIED,,SA4:,58.09374713897705,2,Status.VERIFIED,,SA5:,58.21689295768738,2,Status.VERIFIED,
53,0.0078431372549019,SA0:,8.05459475517273,5,Status.VERIFIED,-0.03791936859488487,SA1:,7.772229909896851,5,Status.VERIFIED,-0.03791936859488487,SA2:,8.148929119110107,5,Status.VERIFIED,-0.03791936859488487,SA3:,7.992941379547119,5,Status.VERIFIED,-0.03791936859488487,SA4:,7.9830241203308105,5,Status.VERIFIED,-0.03791936859488487,SA5:,7.9579198360443115,5,Status.VERIFIED,-0.03791936859488487
54,0.0235294117647058,SA0:,119.26340579986572,79,Status.VERIFIED,-0.3679770231246948,SA1:,117.68331933021545,79,Status.VERIFIED,-0.3679770231246948,SA2:,117.97760248184204,79,Status.VERIFIED,-0.3679770231246948,SA3:,117.77686285972595,79,Status.VERIFIED,-0.3679770231246948,SA4:,116.61059165000916,79,Status.VERIFIED,-0.3679770231246948,SA5:,117.08495783805847,79,Status.VERIFIED,-0.3679770231246948
54,0.0274509803921568,SA0:,1006.7241666316986,319,Status.UNKNOWN,-1.4564645290374756,SA1:,1005.7418251037598,317,Status.UNKNOWN,-1.4564645290374756,SA2:,1005.1929473876953,317,Status.UNKNOWN,-1.4564645290374756,SA3:,1007.0613403320312,323,Status.UNKNOWN,-1.4564645290374756,SA4:,1007.6210398674011,327,Status.UNKNOWN,-1.4564645290374756,SA5:,1004.9115724563599,325,Status.UNKNOWN,-1.4564645290374756
54,0.0313725490196078,SA0:,1004.0160167217255,289,Status.UNKNOWN,-3.1416501998901367,SA1:,1005.2273142337799,289,Status.UNKNOWN,-3.1416501998901367,SA2:,1002.7698702812195,287,Status.UNKNOWN,-3.1416501998901367,SA3:,1006.0074858665466,287,Status.UNKNOWN,-3.1416501998901367,SA4:,1005.2135338783264,285,Status.UNKNOWN,-3.1416501998901367,SA5:,1004.548362493515,283,Status.UNKNOWN,-3.1416501998901367
54,0.0352941176470588,SA0:,1008.7848052978516,201,Status.UNKNOWN,-5.05535888671875,SA1:,1008.2900779247284,197,Status.UNKNOWN,-5.05535888671875,SA2:,1009.2765803337097,197,Status.UNKNOWN,-5.05535888671875,SA3:,1004.1678423881531,199,Status.UNKNOWN,-5.05535888671875,SA4:,1010.1228895187378,199,Status.UNKNOWN,-5.05535888671875,SA5:,1004.7698981761932,197,Status.UNKNOWN,-5.05535888671875
54,0.0392156862745098,SA0:,1007.7943291664124,119,Status.UNKNOWN,-7.133779525756836,SA1:,1011.77188372612,119,Status.UNKNOWN,-7.133779525756836,SA2:,1011.8340411186218,119,Status.UNKNOWN,-7.133779525756836,SA3:,1007.3414661884308,119,Status.UNKNOWN,-7.133779525756836,SA4:,1004.0197651386261,117,Status.UNKNOWN,-7.133779525756836,SA5:,1008.0712897777557,119,Status.UNKNOWN,-7.133779525756836
54,0.0431372549019607,SA0:,1005.8554017543793,73,Status.UNKNOWN,-9.59332275390625,SA1:,1028.3200685977936,75,Status.UNKNOWN,-9.59332275390625,SA2:,1007.8190641403198,73,Status.UNKNOWN,-9.59332275390625,SA3:,1013.4578595161438,73,Status.UNKNOWN,-9.59332275390625,SA4:,1021.4869873523712,73,Status.UNKNOWN,-9.59332275390625,SA5:,1005.9336495399475,73,Status.UNKNOWN,-9.59332275390625
55,0.0156862745098039,SA0:,4.751359224319458,3,Status.VERIFIED,0.05927518010139465,SA1:,5.121806383132935,3,Status.VERIFIED,0.05927518010139465,SA2:,4.894359111785889,3,Status.VERIFIED,0.05927518010139465,SA3:,4.763486862182617,3,Status.VERIFIED,0.05927518010139465,SA4:,4.729085206985474,3,Status.VERIFIED,0.05927518010139465,SA5:,5.082479000091553,3,Status.VERIFIED,0.05927518010139465
55,0.0196078431372549,SA0:,1003.0498237609863,585,Status.UNKNOWN,-0.7311344742774963,SA1:,1002.579115152359,583,Status.UNKNOWN,-0.7311344742774963,SA2:,1001.923811674118,599,Status.UNKNOWN,-0.7311344742774963,SA3:,1003.6428277492523,587,Status.UNKNOWN,-0.7311344742774963,SA4:,1004.2586393356323,591,Status.UNKNOWN,-0.7311344742774963,SA5:,1004.4348087310791,589,Status.UNKNOWN,-0.7311344742774963
64,0.0156862745098039,SA0:,1009.7914652824402,233,Status.UNKNOWN,-0.40202566981315613,SA1:,1008.5982871055603,233,Status.UNKNOWN,-0.40202566981315613,SA2:,1009.571900844574,233,Status.UNKNOWN,-0.40202566981315613,SA3:,1005.1882576942444,233,Status.UNKNOWN,-0.40202566981315613,SA4:,1008.1613042354584,235,Status.UNKNOWN,-0.40202566981315613,SA5:,1002.5404903888702,233,Status.UNKNOWN,-0.40202566981315613
64,0.0196078431372549,SA0:,1004.2538433074951,151,Status.UNKNOWN,-1.4760208129882812,SA1:,1005.4720506668091,151,Status.UNKNOWN,-1.4760208129882812,SA2:,1005.2352538108826,151,Status.UNKNOWN,-1.4760208129882812,SA3:,1009.9457969665527,155,Status.UNKNOWN,-1.4760208129882812,SA4:,1003.0667142868042,151,Status.UNKNOWN,-1.4760208129882812,SA5:,1012.8595776557922,155,Status.UNKNOWN,-1.4760208129882812
66,0.0156862745098039,SA0:,42.06933355331421,23,Status.VERIFIED,-0.2439275085926056,SA1:,41.39576435089111,23,Status.VERIFIED,-0.2439275085926056,SA2:,41.31098961830139,23,Status.VERIFIED,-0.2439275085926056,SA3:,41.683897733688354,23,Status.VERIFIED,-0.2439275085926056,SA4:,41.14489769935608,23,Status.VERIFIED,-0.2439275085926056,SA5:,42.10245108604431,23,Status.VERIFIED,-0.2439275085926056
66,0.0196078431372549,SA0:,1001.8091518878937,471,Status.UNKNOWN,-1.2672202587127686,SA1:,1004.2034931182861,475,Status.UNKNOWN,-1.2672202587127686,SA2:,1002.2028660774231,475,Status.UNKNOWN,-1.2672202587127686,SA3:,1001.7769513130188,473,Status.UNKNOWN,-1.2672202587127686,SA4:,1005.0203340053558,473,Status.UNKNOWN,-1.2672202587127686,SA5:,1004.5459489822388,475,Status.UNKNOWN,-1.2672202587127686
68,0.0078431372549019,SA0:,5.327625274658203,3,Status.VERIFIED,0.0234818272292614,SA1:,5.13417911529541,3,Status.VERIFIED,0.0234818272292614,SA2:,5.025610446929932,3,Status.VERIFIED,0.0234818272292614,SA3:,5.355967044830322,3,Status.VERIFIED,0.0234818272292614,SA4:,5.064917802810669,3,Status.VERIFIED,0.0234818272292614,SA5:,5.420746564865112,3,Status.VERIFIED,0.0234818272292614
71,0.0156862745098039,SA0:,1003.8292064666748,339,Status.UNKNOWN,-0.36282971501350403,SA1:,1004.1868433952332,339,Status.UNKNOWN,-0.36282971501350403,SA2:,1002.410656452179,341,Status.UNKNOWN,-0.36282971501350403,SA3:,1005.9624016284943,341,Status.UNKNOWN,-0.36282971501350403,SA4:,1006.9978268146515,341,Status.UNKNOWN,-0.36282971501350403,SA5:,1006.3995320796967,343,Status.UNKNOWN,-0.36282971501350403
73,0.0235294117647058,SA0:,1001.4491846561432,561,Status.UNKNOWN,-1.0296199321746826,SA1:,1001.4220249652863,533,Status.UNKNOWN,-1.0296199321746826,SA2:,1001.4422256946564,563,Status.UNKNOWN,-1.0296199321746826,SA3:,1001.4255609512329,539,Status.UNKNOWN,-1.0296199321746826,SA4:,1001.4225232601166,533,Status.UNKNOWN,-1.0296199321746826,SA5:,1001.4272379875183,565,Status.UNKNOWN,-1.0296199321746826
73,0.0274509803921568,SA0:,1005.7022459506989,141,Status.UNKNOWN,-2.717888355255127,SA1:,1003.6129424571991,141,Status.UNKNOWN,-2.717888355255127,SA2:,1014.5705938339233,143,Status.UNKNOWN,-2.717888355255127,SA3:,1008.4999227523804,143,Status.UNKNOWN,-2.717888355255127,SA4:,1011.5861148834229,141,Status.UNKNOWN,-2.717888355255127,SA5:,1007.0881917476654,143,Status.UNKNOWN,-2.717888355255127
73,0.0313725490196078,SA0:,1008.4306466579437,89,Status.UNKNOWN,-4.860936164855957,SA1:,1015.2893965244293,89,Status.UNKNOWN,-4.860936164855957,SA2:,1006.0215444564819,89,Status.UNKNOWN,-4.860936164855957,SA3:,1007.034428358078,89,Status.UNKNOWN,-4.860936164855957,SA4:,1017.0374267101288,89,Status.UNKNOWN,-4.860936164855957,SA5:,1021.3440096378326,89,Status.UNKNOWN,-4.860936164855957
73,0.0352941176470588,SA0:,1028.3064637184143,69,Status.UNKNOWN,-8.519881248474121,SA1:,1020.3568298816681,69,Status.UNKNOWN,-8.519881248474121,SA2:,1016.0762786865234,69,Status.UNKNOWN,-8.519881248474121,SA3:,1005.8219408988953,69,Status.UNKNOWN,-8.519881248474121,SA4:,1016.7434360980988,69,Status.UNKNOWN,-8.519881248474121,SA5:,1012.627028465271,69,Status.UNKNOWN,-8.519881248474121
73,0.0392156862745098,SA0:,1021.2523138523102,57,Status.UNKNOWN,-12.863451957702637,SA1:,1031.8370287418365,57,Status.UNKNOWN,-12.863451957702637,SA2:,1035.883059501648,59,Status.UNKNOWN,-12.863451957702637,SA3:,1032.6956713199615,59,Status.UNKNOWN,-12.863451957702637,SA4:,1014.664687871933,57,Status.UNKNOWN,-12.863451957702637,SA5:,1029.5539691448212,59,Status.UNKNOWN,-12.863451957702637
73,0.0431372549019607,SA0:,1039.0254833698273,45,Status.UNKNOWN,-17.611379623413086,SA1:,1044.6530678272247,45,Status.UNKNOWN,-17.611379623413086,SA2:,1001.8760411739349,43,Status.UNKNOWN,-17.611379623413086,SA3:,1033.8556745052338,45,Status.UNKNOWN,-17.611379623413086,SA4:,1049.3449680805206,45,Status.UNKNOWN,-17.611379623413086,SA5:,1025.7089958190918,45,Status.UNKNOWN,-17.611379623413086
73,0.0470588235294117,SA0:,1008.5607016086578,39,Status.UNKNOWN,-22.490455627441406,SA1:,1009.8469054698944,39,Status.UNKNOWN,-22.490455627441406,SA2:,1016.765242099762,39,Status.UNKNOWN,-22.490455627441406,SA3:,1021.5284571647644,39,Status.UNKNOWN,-22.490455627441406,SA4:,1020.6074430942535,39,Status.UNKNOWN,-22.490455627441406,SA5:,1020.0619931221008,39,Status.UNKNOWN,-22.490455627441406
73,0.0509803921568627,SA0:,1037.1866500377655,31,Status.UNKNOWN,-27.27635383605957,SA1:,1032.0002219676971,31,Status.UNKNOWN,-27.27635383605957,SA2:,1040.4022128582,31,Status.UNKNOWN,-27.27635383605957,SA3:,1040.0989501476288,31,Status.UNKNOWN,-27.27635383605957,SA4:,1024.1589958667755,31,Status.UNKNOWN,-27.27635383605957,SA5:,1022.172247171402,31,Status.UNKNOWN,-27.27635383605957
73,0.0549019607843137,SA0:,1079.2583599090576,25,Status.UNKNOWN,-32.20564651489258,SA1:,1076.0086159706116,25,Status.UNKNOWN,-32.20564651489258,SA2:,1074.2956240177155,25,Status.UNKNOWN,-32.20564651489258,SA3:,1068.5132777690887,25,Status.UNKNOWN,-32.20564651489258,SA4:,1075.2202696800232,25,Status.UNKNOWN,-32.20564651489258,SA5:,1073.1804432868958,25,Status.UNKNOWN,-32.20564651489258
73,0.0588235294117647,SA0:,1053.6947638988495,19,Status.UNKNOWN,-37.19147872924805,SA1:,1050.3992063999176,19,Status.UNKNOWN,-37.19147872924805,SA2:,1051.9864854812622,19,Status.UNKNOWN,-37.19147872924805,SA3:,1054.9404065608978,19,Status.UNKNOWN,-37.19147872924805,SA4:,1049.245395898819,19,Status.UNKNOWN,-37.19147872924805,SA5:,1057.8512995243073,19,Status.UNKNOWN,-37.19147872924805
73,0.0627450980392156,SA0:,1090.8568608760834,17,Status.UNKNOWN,-42.178462982177734,SA1:,1056.2680354118347,17,Status.UNKNOWN,-42.178462982177734,SA2:,1065.338749408722,17,Status.UNKNOWN,-42.178462982177734,SA3:,1079.0706043243408,17,Status.UNKNOWN,-42.178462982177734,SA4:,1089.8184518814087,17,Status.UNKNOWN,-42.178462982177734,SA5:,1080.2414498329163,17,Status.UNKNOWN,-42.178462982177734
76,0.0156862745098039,SA0:,1001.4051232337952,107,Status.UNKNOWN,-0.2839333117008209,SA1:,1001.3772838115692,111,Status.UNKNOWN,-0.2839333117008209,SA2:,1001.6455843448639,101,Status.UNKNOWN,-0.2839333117008209,SA3:,1001.448582649231,101,Status.UNKNOWN,-0.2839333117008209,SA4:,1001.437667131424,101,Status.UNKNOWN,-0.2839333117008209,SA5:,1001.7107491493225,95,Status.UNKNOWN,-0.2839333117008209
76,0.0196078431372549,SA0:,1001.9863958358765,259,Status.UNKNOWN,-1.5786442756652832,SA1:,1007.5817239284515,259,Status.UNKNOWN,-1.5786442756652832,SA2:,1009.2986903190613,261,Status.UNKNOWN,-1.5786442756652832,SA3:,1002.0841908454895,261,Status.UNKNOWN,-1.5786442756652832,SA4:,1004.6230673789978,263,Status.UNKNOWN,-1.5786442756652832,SA5:,1006.0631818771362,261,Status.UNKNOWN,-1.5786442756652832
77,0.0117647058823529,SA0:,1002.6356315612793,837,Status.UNKNOWN,-0.030315915122628212,SA1:,1003.5456736087799,831,Status.UNKNOWN,-0.030315915122628212,SA2:,1003.2376441955566,837,Status.UNKNOWN,-0.030315915122628212,SA3:,1002.323456287384,839,Status.UNKNOWN,-0.030315915122628212,SA4:,1003.8460624217987,835,Status.UNKNOWN,-0.030315915122628212,SA5:,1001.4446532726288,829,Status.UNKNOWN,-0.030315915122628212
78,0.0156862745098039,SA0:,1001.4075458049774,427,Status.UNKNOWN,-0.02195845916867256,SA1:,1001.4301879405975,419,Status.UNKNOWN,-0.02195845916867256,SA2:,1001.3894186019897,429,Status.UNKNOWN,-0.02195845916867256,SA3:,1001.4204993247986,425,Status.UNKNOWN,-0.02195845916867256,SA4:,1001.4240140914917,415,Status.UNKNOWN,-0.02195845916867256,SA5:,1001.404372215271,407,Status.UNKNOWN,-0.02195845916867256
78,0.0196078431372549,SA0:,1003.0976469516754,427,Status.UNKNOWN,-0.3717552125453949,SA1:,1005.9038245677948,439,Status.UNKNOWN,-0.3717552125453949,SA2:,1005.3189160823822,443,Status.UNKNOWN,-0.3717552125453949,SA3:,1006.2009382247925,441,Status.UNKNOWN,-0.3717552125453949,SA4:,1003.1668903827667,443,Status.UNKNOWN,-0.3717552125453949,SA5:,1005.3984885215759,447,Status.UNKNOWN,-0.3717552125453949
79,0.0196078431372549,SA0:,1001.8938417434692,901,Status.UNKNOWN,-0.4176596403121948,SA1:,1002.2174966335297,899,Status.UNKNOWN,-0.4176596403121948,SA2:,1003.4154920578003,903,Status.UNKNOWN,-0.4176596403121948,SA3:,1002.35040807724,901,Status.UNKNOWN,-0.4176596403121948,SA4:,1001.530974149704,907,Status.UNKNOWN,-0.4176596403121948,SA5:,1003.4092493057251,909,Status.UNKNOWN,-0.4176596403121948
79,0.0235294117647058,SA0:,1002.965616941452,507,Status.UNKNOWN,-1.0455478429794312,SA1:,1002.7340178489685,503,Status.UNKNOWN,-1.0455478429794312,SA2:,1001.6289548873901,507,Status.UNKNOWN,-1.0455478429794312,SA3:,1004.7104172706604,509,Status.UNKNOWN,-1.0455478429794312,SA4:,1002.5247073173523,509,Status.UNKNOWN,-1.0455478429794312,SA5:,1001.4689455032349,507,Status.UNKNOWN,-1.0455478429794312
80,0.0156862745098039,SA0:,31.03820490837097,23,Status.VERIFIED,-0.13051187992095947,SA1:,30.642823219299316,23,Status.VERIFIED,-0.13051187992095947,SA2:,30.411945819854736,23,Status.VERIFIED,-0.13051187992095947,SA3:,30.46959137916565,23,Status.VERIFIED,-0.13051187992095947,SA4:,31.260512351989746,23,Status.VERIFIED,-0.13051187992095947,SA5:,30.809590101242065,23,Status.VERIFIED,-0.13051187992095947
80,0.0196078431372549,SA0:,1002.8109827041626,519,Status.UNKNOWN,-1.0255070924758911,SA1:,1001.412930727005,519,Status.UNKNOWN,-1.0255070924758911,SA2:,1003.2341485023499,517,Status.UNKNOWN,-1.0255070924758911,SA3:,1003.6092386245728,517,Status.UNKNOWN,-1.0255070924758911,SA4:,1001.971987247467,517,Status.UNKNOWN,-1.0255070924758911,SA5:,1002.7420840263367,527,Status.UNKNOWN,-1.0255070924758911
80,0.0235294117647058,SA0:,1005.9025452136993,289,Status.UNKNOWN,-2.1594302654266357,SA1:,1007.9601871967316,291,Status.UNKNOWN,-2.1594302654266357,SA2:,1004.7106869220734,289,Status.UNKNOWN,-2.1594302654266357,SA3:,1008.2141056060791,291,Status.UNKNOWN,-2.1594302654266357,SA4:,1004.2535881996155,289,Status.UNKNOWN,-2.1594302654266357,SA5:,1006.4567210674286,289,Status.UNKNOWN,-2.1594302654266357
81,0.0274509803921568,SA0:,54.05151009559631,39,Status.VERIFIED,-0.3674856126308441,SA1:,53.6635582447052,39,Status.VERIFIED,-0.3674856126308441,SA2:,54.059279441833496,39,Status.VERIFIED,-0.3674856126308441,SA3:,53.51704216003418,39,Status.VERIFIED,-0.3674856126308441,SA4:,54.287108182907104,39,Status.VERIFIED,-0.3674856126308441,SA5:,53.18518424034119,39,Status.VERIFIED,-0.3674856126308441
81,0.0313725490196078,SA0:,1005.470136642456,337,Status.UNKNOWN,-1.4131489992141724,SA1:,1003.054790019989,339,Status.UNKNOWN,-1.4131489992141724,SA2:,1004.6825649738312,339,Status.UNKNOWN,-1.4131489992141724,SA3:,1002.528963804245,339,Status.UNKNOWN,-1.4131489992141724,SA4:,1005.2906293869019,341,Status.UNKNOWN,-1.4131489992141724,SA5:,1006.8241536617279,341,Status.UNKNOWN,-1.4131489992141724
81,0.0352941176470588,SA0:,1005.6249892711639,185,Status.UNKNOWN,-2.744601249694824,SA1:,1004.4835541248322,187,Status.UNKNOWN,-2.744601249694824,SA2:,1001.4714288711548,185,Status.UNKNOWN,-2.744601249694824,SA3:,1008.0858371257782,187,Status.UNKNOWN,-2.744601249694824,SA4:,1005.1965520381927,187,Status.UNKNOWN,-2.744601249694824,SA5:,1010.163382768631,191,Status.UNKNOWN,-2.744601249694824
81,0.0392156862745098,SA0:,1014.2693295478821,129,Status.UNKNOWN,-4.311044216156006,SA1:,1002.1245377063751,129,Status.UNKNOWN,-4.311044216156006,SA2:,1015.4824883937836,129,Status.UNKNOWN,-4.311044216156006,SA3:,1007.1261160373688,129,Status.UNKNOWN,-4.311044216156006,SA4:,1002.6146836280823,131,Status.UNKNOWN,-4.311044216156006,SA5:,1006.1514909267426,127,Status.UNKNOWN,-4.311044216156006
81,0.0431372549019607,SA0:,1016.8756754398346,93,Status.UNKNOWN,-6.1407856941223145,SA1:,1017.1379902362823,95,Status.UNKNOWN,-6.1407856941223145,SA2:,1006.2308812141418,93,Status.UNKNOWN,-6.1407856941223145,SA3:,1019.6328408718109,93,Status.UNKNOWN,-6.1407856941223145,SA4:,1009.5464887619019,91,Status.UNKNOWN,-6.1407856941223145,SA5:,1007.4224300384521,91,Status.UNKNOWN,-6.1407856941223145
81,0.0470588235294117,SA0:,1005.0776286125183,73,Status.UNKNOWN,-8.114025115966797,SA1:,1018.5040414333344,71,Status.UNKNOWN,-8.114025115966797,SA2:,1002.9718692302704,71,Status.UNKNOWN,-8.114025115966797,SA3:,1025.4837803840637,73,Status.UNKNOWN,-8.114025115966797,SA4:,1021.9575414657593,73,Status.UNKNOWN,-8.114025115966797,SA5:,1011.5346555709839,73,Status.UNKNOWN,-8.114025115966797
81,0.0509803921568627,SA0:,1002.180070400238,61,Status.UNKNOWN,-10.139991760253906,SA1:,1032.116587638855,61,Status.UNKNOWN,-10.139991760253906,SA2:,1004.5748021602631,61,Status.UNKNOWN,-10.139991760253906,SA3:,1014.0604147911072,61,Status.UNKNOWN,-10.139991760253906,SA4:,1004.2456960678101,61,Status.UNKNOWN,-10.139991760253906,SA5:,1030.5773406028748,63,Status.UNKNOWN,-10.139991760253906
81,0.0549019607843137,SA0:,1021.8543109893799,55,Status.UNKNOWN,-12.371431350708008,SA1:,1010.8882353305817,53,Status.UNKNOWN,-12.371431350708008,SA2:,1023.4499092102051,55,Status.UNKNOWN,-12.371431350708008,SA3:,1028.6252658367157,55,Status.UNKNOWN,-12.371431350708008,SA4:,1033.291262626648,55,Status.UNKNOWN,-12.371431350708008,SA5:,1035.2651340961456,55,Status.UNKNOWN,-12.371431350708008
81,0.0588235294117647,SA0:,1009.7553725242615,47,Status.UNKNOWN,-15.578476905822754,SA1:,1002.029007434845,47,Status.UNKNOWN,-15.578476905822754,SA2:,1007.3189237117767,49,Status.UNKNOWN,-15.578476905822754,SA3:,1033.7450976371765,49,Status.UNKNOWN,-15.578476905822754,SA4:,1001.8351259231567,47,Status.UNKNOWN,-15.578476905822754,SA5:,1027.982809305191,49,Status.UNKNOWN,-15.578476905822754
82,0.0235294117647058,SA0:,14.968241930007935,7,Status.VERIFIED,-0.01092847716063261,SA1:,14.988329648971558,7,Status.VERIFIED,-0.01092847716063261,SA2:,14.822820663452148,7,Status.VERIFIED,-0.01092847716063261,SA3:,14.938064575195312,7,Status.VERIFIED,-0.01092847716063261,SA4:,14.808709859848022,7,Status.VERIFIED,-0.01092847716063261,SA5:,14.999602317810059,7,Status.VERIFIED,-0.01092847716063261
82,0.0274509803921568,SA0:,1007.4215824604034,279,Status.UNKNOWN,-1.6463168859481812,SA1:,1002.2872204780579,279,Status.UNKNOWN,-1.6463168859481812,SA2:,1005.2611248493195,279,Status.UNKNOWN,-1.6463168859481812,SA3:,1005.14617228508,281,Status.UNKNOWN,-1.6463168859481812,SA4:,1006.4184851646423,279,Status.UNKNOWN,-1.6463168859481812,SA5:,1001.9345824718475,277,Status.UNKNOWN,-1.6463168859481812
82,0.0313725490196078,SA0:,1010.7796547412872,121,Status.UNKNOWN,-3.420083522796631,SA1:,1010.5383713245392,119,Status.UNKNOWN,-3.420083522796631,SA2:,1015.1521184444427,121,Status.UNKNOWN,-3.420083522796631,SA3:,1005.6214501857758,119,Status.UNKNOWN,-3.420083522796631,SA4:,1016.1754384040833,121,Status.UNKNOWN,-3.420083522796631,SA5:,1010.390768289566,121,Status.UNKNOWN,-3.420083522796631
82,0.0352941176470588,SA0:,1002.9461069107056,97,Status.UNKNOWN,-5.526217937469482,SA1:,1009.9322457313538,99,Status.UNKNOWN,-5.526217937469482,SA2:,1014.6680574417114,99,Status.UNKNOWN,-5.526217937469482,SA3:,1007.123945236206,97,Status.UNKNOWN,-5.526217937469482,SA4:,1002.2704124450684,99,Status.UNKNOWN,-5.526217937469482,SA5:,1010.4684951305389,99,Status.UNKNOWN,-5.526217937469482
82,0.0392156862745098,SA0:,1022.7976543903351,79,Status.UNKNOWN,-8.142155647277832,SA1:,1023.1476855278015,81,Status.UNKNOWN,-8.142155647277832,SA2:,1013.7323639392853,79,Status.UNKNOWN,-8.142155647277832,SA3:,1002.0992438793182,77,Status.UNKNOWN,-8.142155647277832,SA4:,1015.1599140167236,79,Status.UNKNOWN,-8.142155647277832,SA5:,1024.7779138088226,79,Status.UNKNOWN,-8.142155647277832
82,0.0431372549019607,SA0:,1014.927351474762,67,Status.UNKNOWN,-11.356047630310059,SA1:,1002.6409752368927,67,Status.UNKNOWN,-11.356047630310059,SA2:,1023.8767020702362,69,Status.UNKNOWN,-11.356047630310059,SA3:,1001.6162431240082,67,Status.UNKNOWN,-11.356047630310059,SA4:,1011.8870754241943,67,Status.UNKNOWN,-11.356047630310059,SA5:,1020.0578393936157,69,Status.UNKNOWN,-11.356047630310059
82,0.0470588235294117,SA0:,1017.2145457267761,59,Status.UNKNOWN,-15.128582954406738,SA1:,1020.7019429206848,57,Status.UNKNOWN,-15.128582954406738,SA2:,1035.771137714386,59,Status.UNKNOWN,-15.128582954406738,SA3:,1026.6625578403473,59,Status.UNKNOWN,-15.128582954406738,SA4:,1007.7099938392639,57,Status.UNKNOWN,-15.128582954406738,SA5:,1016.9372975826263,59,Status.UNKNOWN,-15.128582954406738
82,0.0509803921568627,SA0:,1005.7547688484192,49,Status.UNKNOWN,-19.23807716369629,SA1:,1032.2671110630035,51,Status.UNKNOWN,-19.23807716369629,SA2:,1030.492269039154,51,Status.UNKNOWN,-19.23807716369629,SA3:,1034.14613032341,51,Status.UNKNOWN,-19.23807716369629,SA4:,1034.7992124557495,51,Status.UNKNOWN,-19.23807716369629,SA5:,1034.0391497612,51,Status.UNKNOWN,-19.23807716369629
82,0.0549019607843137,SA0:,1021.8354651927948,39,Status.UNKNOWN,-23.635473251342773,SA1:,1023.5009846687317,39,Status.UNKNOWN,-23.635473251342773,SA2:,1025.989929676056,39,Status.UNKNOWN,-23.635473251342773,SA3:,1010.0322539806366,39,Status.UNKNOWN,-23.635473251342773,SA4:,1017.7161316871643,39,Status.UNKNOWN,-23.635473251342773,SA5:,1021.1813669204712,39,Status.UNKNOWN,-23.635473251342773
82,0.0588235294117647,SA0:,1024.1592099666595,31,Status.UNKNOWN,-28.154640197753906,SA1:,1038.6460032463074,31,Status.UNKNOWN,-28.154640197753906,SA2:,1030.1331424713135,31,Status.UNKNOWN,-28.154640197753906,SA3:,1049.844316482544,31,Status.UNKNOWN,-28.154640197753906,SA4:,1029.723738193512,31,Status.UNKNOWN,-28.154640197753906,SA5:,1027.0242638587952,31,Status.UNKNOWN,-28.154640197753906
83,0.0078431372549019,SA0:,9.059515714645386,7,Status.VERIFIED,-0.020990369841456413,SA1:,9.15955376625061,7,Status.VERIFIED,-0.020990369841456413,SA2:,8.980852603912354,7,Status.VERIFIED,-0.020990369841456413,SA3:,9.125783681869507,7,Status.VERIFIED,-0.020990369841456413,SA4:,8.84823989868164,7,Status.VERIFIED,-0.020990369841456413,SA5:,9.47332763671875,7,Status.VERIFIED,-0.020990369841456413
84,0.0274509803921568,SA0:,1004.1161811351776,431,Status.UNKNOWN,-0.30271151661872864,SA1:,1004.6861686706543,433,Status.UNKNOWN,-0.30271151661872864,SA2:,1004.7727332115173,433,Status.UNKNOWN,-0.30271151661872864,SA3:,1006.0067801475525,435,Status.UNKNOWN,-0.30271151661872864,SA4:,1004.4814374446869,435,Status.UNKNOWN,-0.30271151661872864,SA5:,1004.9976644515991,431,Status.UNKNOWN,-0.30271151661872864
84,0.0313725490196078,SA0:,1005.4642565250397,149,Status.UNKNOWN,-1.267040729522705,SA1:,1006.8570313453674,149,Status.UNKNOWN,-1.267040729522705,SA2:,1007.5580630302429,151,Status.UNKNOWN,-1.267040729522705,SA3:,1010.9456834793091,151,Status.UNKNOWN,-1.267040729522705,SA4:,1013.1696491241455,153,Status.UNKNOWN,-1.267040729522705,SA5:,1014.414074420929,151,Status.UNKNOWN,-1.267040729522705
84,0.0352941176470588,SA0:,1008.6158134937286,93,Status.UNKNOWN,-2.380457878112793,SA1:,1007.2754333019257,93,Status.UNKNOWN,-2.380457878112793,SA2:,1022.709908246994,95,Status.UNKNOWN,-2.380457878112793,SA3:,1004.1317472457886,93,Status.UNKNOWN,-2.380457878112793,SA4:,1020.3433270454407,95,Status.UNKNOWN,-2.380457878112793,SA5:,1015.6217510700226,93,Status.UNKNOWN,-2.380457878112793
84,0.0392156862745098,SA0:,1024.278576374054,77,Status.UNKNOWN,-3.9089324474334717,SA1:,1008.0948393344879,77,Status.UNKNOWN,-3.9089324474334717,SA2:,1012.711174249649,77,Status.UNKNOWN,-3.9089324474334717,SA3:,1018.2568662166595,77,Status.UNKNOWN,-3.9089324474334717,SA4:,1026.8278636932373,77,Status.UNKNOWN,-3.9089324474334717,SA5:,1011.7917015552521,77,Status.UNKNOWN,-3.9089324474334717
84,0.0431372549019607,SA0:,1017.3461616039276,61,Status.UNKNOWN,-6.446485996246338,SA1:,1012.6683630943298,61,Status.UNKNOWN,-6.446485996246338,SA2:,1011.40784740448,61,Status.UNKNOWN,-6.446485996246338,SA3:,1021.9505100250244,61,Status.UNKNOWN,-6.446485996246338,SA4:,1004.2216634750366,61,Status.UNKNOWN,-6.446485996246338,SA5:,1010.0994875431061,61,Status.UNKNOWN,-6.446485996246338
84,0.0470588235294117,SA0:,1012.6571571826935,49,Status.UNKNOWN,-9.381487846374512,SA1:,1019.7437634468079,49,Status.UNKNOWN,-9.381487846374512,SA2:,1019.781655550003,49,Status.UNKNOWN,-9.381487846374512,SA3:,1020.7276632785797,49,Status.UNKNOWN,-9.381487846374512,SA4:,1029.5105655193329,49,Status.UNKNOWN,-9.381487846374512,SA5:,1010.3116176128387,49,Status.UNKNOWN,-9.381487846374512
84,0.0509803921568627,SA0:,1043.818525314331,39,Status.UNKNOWN,-12.493550300598145,SA1:,1038.5913789272308,39,Status.UNKNOWN,-12.493550300598145,SA2:,1022.1028463840485,39,Status.UNKNOWN,-12.493550300598145,SA3:,1035.791844367981,39,Status.UNKNOWN,-12.493550300598145,SA4:,1027.8695468902588,39,Status.UNKNOWN,-12.493550300598145,SA5:,1016.9209411144257,39,Status.UNKNOWN,-12.493550300598145
